0,1
MDNSVETIELKRGSNSVYVQYDDIMFFESSTKSHRLIAHLDNRQIEFYGNLKELSQLDDRFFRCHNSFVVNRHNIESIDSKERIVYFKNKEHCYASVRNVKKI,1
MAADGYLPDWLEDNLSEGIREWWDLKPGAPKPKANQQKQDDGRGLVLPGYKYLGPFNGLDKGEPVNAADAAALEHDKAYDQQLKAGDNPYLRYNHADAEFQERLQEDTSFGGNLGRAVFQAKKRVLEPLGLVEEGAKTAPGKKRPVEQSPQEPDSSSGIGKTGQQPAKKRLNFGQTGDSESVPDPQPLGEPPAAPSGLGPNTMASGGGAPMADNNEGADGVGNSSGNWHCDSTWLGDRVITTSTRTWALPTYNNHLYKQISNGTSGGSTNDNTYFGYSTPWGYFDFNRFHCHFSPRDWQRLINNNWGFRPKRLNFKLFNIQVKEVTTNEGTKTIANNLTSTVQVFTDSEYQLPYVLGSAHQGCLPPFPADVFMVPQYGYLTLNNGSQALGRSSFYCLEYFPSQMLRTGNNFQFSYTFEDVPFHSSYAHSQSLDRLMNPLIDQYLYYLVRTQTTGTGGTQTLAFSQAGPSSMANQARNWVPGPCYRQQRVSTTTNQNNNSNFAWTGAAKFKLNGRDSLMNPGVAMASHKDDDDRFFPSSGVLIFGKQGAGNDGVDYSQVLITDEEEIKATNPVATEEYGAVAINNQAANTQAQTGLVHNQGVIPGMVWQNRDVYLQGPIWAKIPHTDGNFHPSPLMGGFGLKHPPPQILIKNTPVPADPPLTFNQAKLNSFITQYSTGQVSVEIEWELQKENSKRWNPEIQYTSNYYKSTNVDFAVNTEGVYSEPRPIGTRYLTRNL,1
MGSSHHHHHHSQDPIRRGDVYLADLSPVQGSEQGGVRPVVIIQNDTGNKYSPTVIVAAITGRINKAKIPTHVEIEKKKYKLDKDSVILLEQIRTLDKKRLKEKLTYLSDDKMKEVDNALMISLGLNAVAHQKN,1
MKKRLTESQFQEAIQGLEVGQQTIEIARGVLVDGKPQATFATSLGLTRGAVSQAVHRVWAAFEDKNLPEGYARVTAVLPEHQAYIVRKWEADAKKKQ,1
MSKDRMVELLQEHFELNLYEARAYVALVAFGVLTPAELASVSEVPAPRTYDVLRSLEKKGFAMTQPGKTNKYRPVHPANVLEKFIQDWQERVKEELEAKKKAKEELLELMAPLIETEVPKYGVERVWVVRGIKNSTLKTKEMLEEAQNEILLADDGFIAVNLEDDIIKAVDRGVKTKILLTKNLLPRLKASKIIDYAKEGKLELRALDKFDLPMLICDEEVFFALEDLAARYFNYETQVWIKDHRVVALFKEKFNEYWEKAEKV,1
MNLLIDNWIPVRPRNGGKVQIINLQSLYCSRDQWRLSLPRDDMELAALALLVCIGQIIAPAKDDVEFRHRIMNPLTEDEFQQLIAPWIDMFYLNHAEHPFMQTKGVKANDVTPMEKLLAGVSGATNCAFVNQPGQGEALCGGCTAIALFNQANQAPGFGGGFKSGLRGGTPVTTFVRGIDLRSTVLLNVLTLPRLQKQFPNESHTENQPTWIKPIKSNESIPASSIGFVRGLFWQPAHIELCDPIGIGKCSCCGQESNLRYTGFLKEKFTFTVNGLWPHPHSPCLVTVKKGEVEEKFLAFTTSAPSWTQISRVVVDKIIQNENGNRVAAVVNQFRNIAPQSPLELIMGGYRNNQASILERRHDVLMFNQGWQQYGNVINEIVTVGLGYKTALRKALYTFAEGFKNKDFKGAGVSVHETAERHFYRQSELLIPDVLANVNFSQADEVIADLRDKLHQLCEMLFNQSVAPYAHHPKLISTLALARATLYKHLRELKPQGGPSNG,1
GGHMEPLDELDLLLLEEDGGAEAVPRVELLRKKADALFPETVLSRGVDNRYLVLAVETSQNERGAEEKRLHVTASQDREHEVLCILRNGWSSVPVEPGDIVHLEGDCTSEPWIIDDDFGYFILYPDMMISGTSVASSIRCLRRAVLSETFRGSDPATRQMLIGTILHEVFQKAISESFAPERLQELALQTLREVRHLKEMYRLNLSQDEILCEVEEYLPSFSKWAEDFMRKGPSSEFPQMQLSLPSDGSNRSSPCNIEVVKSLDIEESIWSPRFGLKGKIDVTVGVKIHRDCKMKYKVMPLELKTGKESNSIEHRSQVVLYTLLSQERREDPEAGWLLYLKTGQMYPVPANHLDKRELLKLRNWLAASLLHRVSRAAPGEEARLSALPQIIEEEKTCKYCSQIGNCALYSRAVEEQGDDASIPEAMLSKIQEETRHLQLAHLKYFSLWCLMLTLESQSKDNRKTHQSIWLTPASELEESGNCVGNLVRTEPVSRVCDGQYLHNFQRKNGPMPATNLMAGDRIILSGEERKLFALSKGYVKKMNKAAVTCLLDRNLSTLPATTVFRLDREERHGDISTPLGNLSKLMESTDPSKRLRELIIDFREPQFIAYLSSVLPHDAKDTVANILKGLNKPQRQAMKRVLLSKDYTLIVGMPGTGKTTTICALVRILSACGFSVLLTSYTHSAVDNILLKLAKFKVGFLRLGQSHKVHPDIQKFTEEEICRSRSIASLAHLEELYNSHPIVATTCMGINHPIFSRKTFDFCIVDEASQISQPVCLGPLFFSRRFVLVGDHQQLPPLVVNREARALGMSESLFKRLERNESAVVQLTVQYRMNRKIMSLSNKLTYAGKLECGSDRVANAVLALPNLKDARLSLQLYADYSDSPWLAGVLEPDNPVCFLNTDKVPAPEQVENGGVSNVTEARLIVFLTSTFIKAGCSPSDIGVIAPYRQQLRIISDLLARSSVGMVEVNTVDKYQGRDKSLILVSFVRSNEDGTLGELLKDWRRLNVALTRAKHKLILLGSVSSLKRFPPLGTLFDHLNAEQLILDLPSREHESLSHIL,1
MASHHHHHHGALEVLFQGPGYQMADEIDAMALYRAWQQLDNGSCAQIRRVSEPDELRDIPAFYRLVQPFGWENPRHQQALLRMVFCLSAGKNVIRHQDKKSEQTTGISLGRALANSGRINERRIFQLIRADRTADMVQLRRLLTHAEPVLDWPLMARMLTWWGKRERQQLLEDFVLTTNKNA,1
SKKSPRLPKCARCRNHGYASPLKGHKRFCMWRDCQCKKCNLIAERQRVMAAQVALRRQQAQEEELGISHP,1
HHHHHHMGSYGELIREIRLSKGLTQKEVYTGIISRSYAIGFEKGKHEITLSLFEEILKRIMVPLDEFFFIYRDFSSTEDDSFWIDFVELSGKNDVVGMQALLDKITLERTEQSEVRKAILHTRIQTINHYLRTNVFDESNISDEYKKIIHDYLWKMQTWTLEEVRIFSNGISFFEEEVQIHFYQIMLKSYEKYRYYDRGRLLFCHLFANLTDELIIQNKINYANLVLEKLKEASETSGSFNSAFYRIVANYYQGAIWMKEGEVEKGYRQAKRAIQTWKELHYEAIADLYSVVLKQFLEKENIQVED,1
SSSHPIFHRGEFSVCDSVSVWVGDKTTATDIKGKEVMVLGEVNINNSVFKQYFFETKCRDPNPVDSGCRGIDSKHWNSYCTTTHTFVKALTMDGKQAAWRFIRIDTACVCVLSRKAVRRA,1
MHHHHHHMARYDLVDRLNTTFRQMEQELAIFAAHLEQHKLLVARVFSLPEVKKEDEHNPLNRIEVKQHLGNDAQSLALRHFRHLFIQQQSENRSSKAAVRLPGVLCYQVDNLSQAALVSHIQHINKLKTTFEHIVTVESELPTAARFEWVHRHLPGLITLNAYRTLTVLHDPATLRFGWANKHIIKNLHRDEVLAQLEKSLKSPRSVAPWTREEWQRKLEREYQDIAALPQNAKLKIKRPVKVQPIARVWYKGDQKQVQHACPTPLIALINRDNGAGVPDVGELLNYDADNVQHRYKPQAQPLRLIIPRLHLYVAD,1
MHHHHHHETSEERAARLAKMSAYAAQRLANESPEQRATRLKRMSEYAAKRLSSETREQRAIRLARMSAYAARRLANETPAQRQARLLRMSAYAAKRQASKKS,1
ADLESLYRAMPSIKKLVDEGKLTEKDAEKVYEIWRNMEAIYKQASLLWYNTVDLLLKRIGLSEKEREEIFYEMVRPYFRLFSREEVFPKEVLEGKL,1
MMSMLVVVTENVPPRLRGRLAIWLLEVRAGVYVGDVSAKIREMIWEQIAGLAEEGNVVMAWATNTETGFEFQTFGLNRRTPVDLDGLRLVSFLPVGSSENLYFQ,1
QPSRKEKSLGLLCHKFLARYPNYPNPAVNNDICLDEVAEELNVERRRIYDIVNVLESLHMVSRLAKNRYTWHGRHNLNKTLGTLKSIGEENKYAEQIMMIKKKEYEQEFDFIKSYSIEDHIIKSNTGPNGHPDMCFVELPGVEFRAASVNSRKDKSLRVMSQKFVMLFLVSTPQIVSLEVAAKILIGEDHVEDLDKSKFKTKIRRLYDIANVLSSLDLIKKVHVTEERGRKP,1
GIKGIYKEIGSGERISLCKLAIDHLEQHNRPLRLAIDMAIWQFQIQAARGGSNPAIRTLFYRFVRLLSLGIHPIFVFDGPNKPIFKRNRRSGTGNGVSTAMAKRLIRLFGFTAHDAPGEAEAECAYLEQQGIVDAVLSEDVDTIMFGSRVTLRDWSSEGSKGGPPTHVTLHDAKKIAEGPSGLDREGMVLVALMSGGDYLPDGIPGCGIKVACQAAKAGFGKELCRIKRADKEAITEWKQRLLHELRTNESGFFRTKHKALEIPENFPNMEVLRYYTHPVVSSPATIERLRQEFPPSSTVDIAGLREFTRETFDWTFRPGAIKLIKVLAPGLLVQRCLDRYVSGPRIDDPDLKKKEESTLVKGISMRREHFSTDATPELRVSFIPAELVGLDPGQEPEVQVEAFGRSGLALNSDDEFDEDISSSQKAPKKPFDPWQPDLAWVPETILKLGVPVTVEDWEEGQRS,1
MGSSHHHHHHSQDPMNSVTVSHAPYTITYHDDWEPVMSQLVEFYNEVASWLLRDETSPIPDKFFIQLKQPLRNKRVCVCGIDPYPKDGTGVPFESPNFTKKSIKEIASSISRLTGVIDYKGYNLNIIDGVIPWNYYLSCKLGETKSHAIYWDKISKLLLQHITKHVSVLYCLGKTDFSNIRAKLESPVTTIVGYHPAARDRQFEKDRSFEIINVLLELDNKVPINWAQGFIY,1
KKHFCDIRHLDDWAKSQLIEMLKQAAALVITVMYTDGSTQLGADQTPVSSVRGIVVLVKRQAEGGHGCPDAPACGPVLEGFVSDDPCIYIQIEHSAIWDQEQEAHQQFARNVLFQTMKCKCPVICFNAKDFVRIVLQFFGNDGSWKHVADFIGLDPRIAAWLIDPSDATPSFEDLVEKYCEKSITVKVNSTYGNSSRNIVNQNVRENLKTLYRLTMDLCSKLKDYGLWQLFRTLELPLIPILAVMESHAIQVNKEEMEKTSALLGARLKELEQEAHFVAGERFLITSNNQLREILFGKLKLHLLSQRNSLPRTGLQKYPSTSEAVLNALRDLHPLPKIILEYRQVHKIKSTFVDGLLACMKKGSISSTWNQTGTVTGRLSAKHPNIQGISKHPIQITTPKNFKGKEDKILTISPRAMFVSSKGHTFLAADFSQIELRILTHLSGDPELLKLFQESERDDVFSTLTSQWKDVPVEQVTHADREQTKKVVYAVVYGAGKERLAACLGVPIQEAAQFLESFLQKYKKIKDFARAAIAQCHQTGCVVSIMGRRRPLPRIHAHDQQLRAQAERQAVNFVVQGSAADLCKLAMIHVFTAVAASHTLTARLVAQIHDELLFEVEDPQIPECAALVRRTMESLEQVQALELQLQVPLKVSLSAGRSWGHLVPLQ,1
SKTNYDIVVRAKQMWEILRRKDCDKEKRVKLMSDLQKLIQGKIKTIAFAHDSTRVIQCYIQYGNEEQRKQAFEELRDDLVELSKAKYSRNIVKKFLMYGSKPQIAEIIRSFKGHVRKMLRHAEASAIVEYAYNDKAILEQRNMLTEELYGNTFQLYKSADHPTLDKVLEVQPEKLELIMDEMKQILTPMAQKEAVIKHSLVHKVFLDFFTYAPPKLRSEMIEAIREAVVYLAHTHDGARVAMHCLWHGTPKDRKVIVKTMKTYVEKVANGQYSHLVLLAAFDCIDDTKLVKQIIISEIISSLPSIVNDKYGRKVLLYLLSPRDPAHTVREIIEVLQKGDGNAHSKKDTEVRRRELLESISPALLSYLQEHAQEVVLDKSACVLVSDILGSATGDVQPTMNAIASLAATGLHPGGKDGELHIAEHPAGHLVLKWLIEQDKKMKENGREGCFAKTLVEHVGMKNLKSWASVNRGAIILSSLLQSCDLEVANKVKAALKSLIPTLEKTKSTSKGIEILLEKLST,1
MGSSHHHHHHSSGLVPRGSHMKKNRAFLKWAGGKYPLLDDIKRHLPKGECLVEPFVGAGSVFLNTDFSRYILADINSDLISLYNIVKMRTDEYVQAARELFVPETNCAEVYYQFREEFNKSQDPFRRAVLFLYLNRYGYNGLCRYNLRGEFNVPFGRYKKPYFPEAELYHFAEKAQNAFFYCESYADSMARADDSSVVYCDPPYAPLSATANFTAYHTNSFTLEQQAHLAEIAEGLVERHIPVLISNHDTMLTREWYQRAKLHVVKVRRSISSNGGTRKKVDELLALYKPGVVSPAKK,1
MAKNKVLGRGLADIFPEINEVYEQGLYERANRVVELGIDEVMPNPYQPRKVFSEDSLEELAQSIKEHGLLQPVLVVSENGRYHLIAGERRLRASKLAKMPTIKAIVVDIEQEKMREVALIENIQREDLNPLELARSYKELLESYQMTQEELSKIVKKSRAHVANIMRLLTLSSKVQNALLEEKITSGHAKVLVGLDGEKQELILNSIIGQKLSVRQTEDLARDFKINANFDNKKHGFKQT,1
SKLIHVPKEDNSKEVTLDSLLEEGVLDKEIHKAITRMEFPGLTPVQQKTIKPILSSEDHDVIARAKTGTGKTFAFLIPIFQHLINTKFDSQYMVKAVIVAPTRDLALQIEAEVKKIHDMNYGLKKYACVSLVGGTDFRAAMNKMNKLRPNIVIATPGRLIDVLEKYSNKFFRFVDYKVLDEADRLLEIGFRDDLETISGILNEKNSKSADNIKTLLFSATLDDKVQKLANNIMNKKECLFLDTVDKNEPEAHERIDQSVVISEKFANSIFAAVEHIKKQIKERDSNYKAIIFAPTVKFTSFLCSILKNEFKKDLPILEFHGKITQNKRTSLVKRFKKDESGILVCTDVGARGMDFPNVHEVLQIGVPSELANYIHRIGRTARSGKEGSSVLFICKDELPFVRELEDAKNIVIAKQEKYEPSEEIKSEVLEAVTEEPEDISDIVISLISSYRSCIKEYRFSERRILPEIASTYGVLLNDPQLKIPVSRRFLDKLGLSRSPIGKAMFEIRD,1
GPLGSSKEPKSSAQLLEDWGMEDIDHVFSEEDYRTLTNYKAFSQFVRPLIAAKNPKIAVSKMMMVLGAKWREFSTNNPFKGSSGAS,1
SPPKPKCRCGISGSSNTLTTCRNSRCPCYKSYNSCAGCHCVGCKNPHKEDYV,1
SMEMQLTPFLILLRKTLEQLQEKDTGNIFSEPVPLSEVPDYLDHIKKPMDFFTMKQNLEAYRYLNFDDFEEDFNLIVSNCLKYNAKDTIFYRAAVRLREQGGAVLRQARRQAEKMG,1
GPLGSVEQELATKMLQIQSKRFYLDVKQNRRGRFIKVAEIGADGRRSQIYLALSTAAEFRDHLSSFSDYYASLGPPNTDNLPEDGKLKSEMMIKDYRRYYLDLKENARGRFLRVSQTITRGGPRSQIALPAQGMIEFRDALTDLLEEFGAND,1
SNAGKALVIVESPAKAKTINKYLGSDYVVKSSVGHIRDLPTSGSAAKKSADSTSTKTAKKPKKDERGALVNRMGVDPWHNWEAHYEVLPGKEKVVSELKQLAEKADHIYLATDLDREGEAIAWHLREVIGGDDARYSRVVFNEITKNAIRQAFNKPGELNIDRVNAQQARRFMDRVVGYMVSPLLWKKIARGLSAGRVQSVAVRLVVEREREIKAFVPEEFWEVDASTTTPSGEALALQVTHQNDKPFRPVNKEQTQAAVSLLEKARYSVLEREDKPTTSKPGAPFITSTLQQAASTRLGFGVKKTMMMAQRLYEAGYITYMRTDSTNLSQDAVNMVRGYISDNFGKKYLPESPNQYASKENSQEAHEAIRPSDVNVMAESLKDMEADAQKLYQLIWRQFVACQMTPAKYDSTTLTVGAGDFRLKARGRILRFDGWTKVMPALRKGDEDRILPAVNKGDALTLVELTPAQHFTKPPARFSEASLVKELEKRGIGRPSTYASIISTIQDRGYVRVENRRFYAEKMGEIVTDRLEENFRELMNYDFTAQMENSLDQVANHEAEWKAVLDHFFSDFTQQLDKAEKDPEEGGMRPNQMVLTSIDCPTCGRKMGIRTASTGVFLGCSGYALPPKERCKTTINLVPENEVLNVLEGEDAETNALRAKRRCPKCGTAMDSYLIDPKRKLHVCGNNPTCDGYEIEEGEFRIKGYDGPIVECEKCGSEMHLKMGRFGKYMACTNEECKNTRKILRNGEVAPPKEDPVPLPELPCEKSDAYFVLRDGAAGVFLAANTFPKSRETRAPLVEELYRFRDRLPEKLRYLADAPQQDPEGNKTMVRFSRKTKQQYVSSEKDGKATGWSAFYVDGKWVEGKK,1
HMADKRAHHNALERKRRDHIKDSFHSLRDSVPSLQGEKASRAQILDKATEYIQYMRRKNHTHQQDIDDLKRQNALLEQQVRALEKARS,1
MDIREIEQERASFAFKVVSDIKDKYSQNKKVQGKYSSYAEKAPTIILNNGLGATLAFFLSKLEKPIDDVDYKSINPESFGNAENIAYAFLYKHLSTWLAEGNGKDSAFSGLTNGEDPLKYIMEKTAIDVAISTEEALSILNWIKKFAKAMLEEEL,1
QQPKRNFDLYKLITDKQIDFQVADLIQDEQSSFVSVRIYGQFKCFVPKSTIQEQLDKIKNLSSKELAKNKIFKFLSEYNKNNQKQDELSHDYYGYFKVQQHQFILNLENAQREASLAVDDFYFINGRIYKTNHDILILQAHHVYQMQKPTLQLLQAASEINQN,1
SNAMDILRKGNKDLIKDINRYTVLNLIREKGEITRTEIAKKCDFGMSTLTYILDDLQQEGIILEGAETSSTGGRRAKLVRFNKDYGFVVSVKVEEEQLLFALTDLNAEIIENTSIPFSSEKKPEEAIELIAKNVKKMCGNRDMNHLLGVGIAISGLVNRKKGTVIRSTMLGWENVALEAMLHAHFPDIPVYVDKNINCYTLAELWLGEGKQSNNFATVSVGAGLGLSVVINRQIYYGAQGGAGEFGHTTIQPGGYKCHCGQKGCLEMYASEFYFRNRGEELKEAYPTSELNDFHFDKVAKSARAGDEMATELMGKMGEYLGYGIRNIINTFNPEKVIIVGEGLHHRDLFLTKIDEIASQNFFSGAGFETEITTTSLEDPAWLQGAALLVIHQLFQVPIYEEEQTLLR,1
MMDRCLIVFDLDTKLLEQHYHNSSWRNGYADIQRVLYRHRFNNIQGTVYLSERGVRQAHGTLALQEVAIRFQWFDKCVSNVQFYDLSDDFNAQFIIDGVTQAREAFERRIGMLRHQLLDAGLTSEKIEEIIGQQKFSLENATQIALPNPDD,1
MGMFDMFEKAVVFGLYSITPVHAGSGAELSVIDLPIQRERHTGFPVIWGQSLKGVLRSRFRQLELDEKIEVESQKWKWKEKTKEVLKEKADEFIKKVEERKRDPLLTEIVFGPATDGASEHAGAVSVGDAKILLFPVRSAKGVFAFVTSPIVIQRLKEDFELVSEIENDIELKQILSRFKVELSNNETIAGNALILNGENKVILEDIVLKVKSDSNVIENLVEVLKTLFGDNFFGKPIESIKERIAIVSDDVFKSFTRFSTEIVARVRIDAEKGTVARGGLWYEEFLPSDTLMYSLIAVGSPKKENLPKEVDNTQKIVNVLKVTFNNAFLQIGGDETVGKGFVKVRAGVLTGGHKGN,1
GPVPMHPFVKALQEHFTAHQNPEKAEPMARYMKNHFLFLGIQTPERRQLLKDIIQIHTLPDQKDFQIIIRELWDLPEREFQAAALDIMQKYKKHINETHIPFLEELIVTKSWWDSVDSIVPTFLGDIFLKHPELISAYIPKWIASDNIWLQRAAILFQLKYKQKMDEELLFWIIGQLHSSKEFFIQKAIGWVLREYAKTNPDVVWEYVQNNELAPLSKREAIKHIKQNYGINNEKIGETLS,1
SMKLTIPELSLVVLIGSSGSGKSTFAKKHFKPTEVISSDFCRGLMSDDENDQTVTGAAFDVLHYIVSKRLQLGKLTVVDATNVQESARKPLIEIAKDYHCFPVAVVFNLPEKVCQERNKNRTDRQVEEYVIRKHTQQMKKSIKGLQREGFRYVYILNSPEEVEEVVFERQP,1
MEHNKSVHWSIVYRQLGNLLEQYEVEIARLKSQLVLEKKLRIQVEKEMESVKTKQIS,1
DEEQVFHFYWLDAYEDQYNQPGVVFLFGKVWIESAETHVSCCVMVKNIERTLYFLPREMKIDLNTGKETGTPISMKDVYEEFDEKIATKYKIMKFKSKPVEKNYAFEIPDVPEKSEYLEVKYSAEMPQLPQDLKGETFSHVFGTNTSSLELFLMNRKIKGPCWLEVKSPQLLNQPVSWCKAEAMALKPDLVNVIKDVSPPPLVVMAFSMKTMQNAKNHQNEIIAMAALVHHSFALDKAAPKPPFQSHFCVVSKPKDCIFPYAFKEVIEKKNVKVEVAATERTLLGFFLAKVHKIDPDIIVGHNIYGFELEVLLQRINVCKAPHWSKIGRLKRSNMPKLGGRSGFGERNATCGRMICDVEISAKELIRCKSYHLSELVQQILKTERVVIPMENIQNMYSESSQLLYLLEHTWKDAKFILQIMCELNVLPLALQITNIAGNIMSRTLMGGRSERNEFLLLHAFYENNYIVPDKQIFRKPQQKLGDEDEEIDGDTNKYKKGRKKAAYAGGLVLDPKVGFYDKFILLLDFNSLYPSIIQEFNICFTTVQRVASEAQKVTEDGEQEQIPELPDPSLEMGILPREIRKLVERRKQVKQLMKQQDLNPDLILQYDIRQKALKLTANSMYGCLGFSYSRFYAKPLAALVTYKGREILMHTKEMVQKMNLEVIYGDTDSIMINTNSTNLEEVFKLGNKVKSEVNKLYKLLEIDIDGVFKSLLLLKKKKYAALVVEPTSDGNYVTKQELKGLDIVRRDWCDLAKDTGNFVIGQILSDQSRDTIVENIQKRLIEIGENVLNGSVPVSQFEINKALTKDPQDYPDKKSLPHVHVALWINSQGGRKVKAGDTVSYVICQDGSNLTASQRAYAPEQLQKQDNLTIDTQYYLAQQIHPVVARICEPIDGIDAVLIATWLGLDPTQFRVHHYHKDEEN,1
MSRPAHWLLAPPASRDALLATMREWQVSPPVAQVLCGRDLRTELLALPLELTPNPALREAARHIVAAVREGKRIRIHGDYDADGVSATATLVLGLRAIGANVHGFIPHRLNEGYGIHPDRVPEHAAAADLVVTVDCGVSNLDEVKSLLATGTEVVVTDHHAPGENFPECLVVHPHLTPDYDPDRHNLTGAGVAYHLLWAVYEELGRPEPRALLPLATLGTVADVAPLLGENRALVRAGLAEMARTELPGLRALMNEKRVRQPTARDVAFILAPRINAAGRMGEADRALELLTTPSDHEAKSLAAYLEIRNQERRKIQDDMFAQALQLADPNDPALVLTHDDWHAGVMGIVASKLVETFNRPVYIVAQGKGSVRSTPGISAVQGLRESRDLLGRFGGHPGAAGFSLDPQNFGALRERIHGYVRQFPTPVPAVRLDAPLPVAALTPELLSELSILEPFGEGNPRPLWHLRGPLTDTRLVGKQGDVLQFRFGGVKGMKYSERDDAAGERDVAAELALNEWKGRTSLELHAAALRPLAPLALAGTEEGLPTLPRLNPREAMTFLKTGAAAYAEQGVATYLRDNVPGLTLLDTNAPHPGGDLILYGLPPESALRRWLHEAQEQGGRVAFALGPKTLAELDAALTLAKLLPDSHTEAAQEAAADAYRSWQWAHHYRVLNDAGWSASVYAMLGLPVPAALPKAAEALALAAG,1
MDKELGKTLRRLRQGKQVSISSLADEHLSKSQISRFERGESEISCSRLLNLLDKLNITIDEFVSTHSKTHTHFFTLLSRVRKYYAEKNVAKLLKLLEDYAHKDYESTMIKAILSSIEPTVEPSEEEVTRLTDYLFSVEQWGYYEIILLGNCSRFINYNTLFLLTKEMVTSFAYSEQNKTNKTLVTQLSINCLIISIDYSYFDHSHYLIEKIEFLLRDELNFYEKTVFLYVHGYYKLKQGQVSGKDDMRQALQIFKYLGEDALYYSYKEHYRKEVLGDEEDEEEG,1
SNGKDVNLEPHLKVTKCLRLFNKQYLLCVQAKLSRPDLKGVTEMIKAKAILYPRKIIGDLPGIDVGHRFFSRAEMCAVGFHNHWLNGIDYMSMEYEKEYSNYKLPLAVSIVMSGQYEDDLDNADTVTYTGQGGHNLTGNKRQIKDQLLERGNLALKHCCEYNVPVRVTRGHNCKSSYTKRVYTYDGLYKVEKFWAQKGVSGFTVYKYRLKRLEGQPELTTDQVNFVAGRIPTSTSEIEGLVCEDISGGLEFKGIPATNRVDDSPVSPTSGFTYIKSLIIEPNVIIPKSSTGCNCRGSCTDSKKCACAKLNGGNFPYVDLNDGRLIESRDVVFECGPHCGCGPKCVNRTSQKRLRFNLEVFRSAKKGWAVRSWEYIPAGSPVCEYIGVVRRTADVDTISDNEYIFEIDCQQTMQGLGGRQRRLRDVAVPMNNGVSQSSEDENAPEFCIDAGSTGNFARFINHSCEPNLFVQCVLSSHQDIRLARVVLFAADNISPMQELTYDYGYALDSVHGPDGKVKQLACYCGALNCRKRLY,1
MKRARKVKQYKNPHTGEVIETKGGNHKTLKEWKAKWGPEAVESWATLLGHHHHHH,1
MGSSHHHHHHSSGLVPRGSHMPEHDSTDDKHGIPPLDLRFWAKERGLRGKTYPLVCHSLDAAAAALVLWNEYLSPGLRDTIASSMETDEEHAGHCIAFWAGLHDIGKLTREFQQQIAIDLSAYPGEELSGEQRSHAAATGKWLPFALPSLGYPNGGLVTGLVAQMLGGHHGTFHPHPSFQSRNPLAEFGFSSPHWEKQRHALLHAVFDATGRPTPPDMLDGPTASVVCGLVILADWLVSQEDFLLERLTSLPADGSASALRAHFETSLRRIPSLLDAAGLRPITVPPATFTESFPHLSKPNGLQASLAKHLPCLCTGPGLVLITAPMGEGKTEAAYHVADLLGKATGRPGRFLALPTMATADQMHTRLKEYARYRVENTDLPRSSTLALLHSMAWLNPDYAPADLPGVSKVLSNLGHRDPFAATDWLMGRKRGLLAPWAVGTIDQALMAVLRAKHNALRLFGLAGKVVVVDEAHAVDPYMQVLLEQLLRWLGTLDVPVVLLSATLHHSIANSLVKAYLEGARGRRWNRSEPQPVSEVSYPGWLHVDARIGKVTRSSDVDPLPIATTPRKPLEVRLVDVPVKEGALNRSTVLAKELTPLVKQGGCAAIICTTVAEAQGVYDLLSQWFATLGEDAPDLYLLHSRFPNRQRTEITATIVDLFGKEGAQSGRRPTRGAVLVATQVVEQSLDLDVDLMISDLAPVSLLLQRAGRCWRHEHLGIINRPQWAKQPELVVLTPEQNGDADRAPWFPRSWTSVYPLALLQRTYTLLRRRNGAPVQIPEDVQQLVDDVYDDDSLAEDLEADMERMGEELAQRGLARNAVIPDPDDAEDNLNGLTEFSFDVDEHVLATRFGAGSVRVLCYYVDTAGNRWLDPECTVEFPEQGTGREGRFTMADCRDLVARTIPVRMGPWASQLTEDNHPPEAWRESFYLRDLVLIPQRVTDEGAVLPTETGGREWLLDPCKGLIF,1
MGSSHHHHHHSSGLVPRGSHMGVKSLVPQELIEKIKLISPGTELRKALDDIINANFGALIFLVDDPKKYEDVIQGGFWLDTDFSAEKLYELSKMDGAIVLSEDITKIYYANVHLVPDPTIPTGETGTRHRTAERLAKQTGKVVIAVSRRRNIISLYYKNYKYVVNQVDFLISKVTQAISTLEKYKDNFNKLLSELEVLELENRVTLADVVRTLAKGFELLRIVEEIRPYIVELGEEGRLARMQLRELTEDVDDLLVLLIMDYSSEEVEEETAQNILQDFITRREPSPISISRVLGYDVQQAAQLDDVLVSARGYRLLKTVARIPLSIGYNVVRMFKTLDQISKASVEDLKKVEGIGEKRARAISESISSLKHRKTSE,1
MKQLEMKVEELLSKVYHLENEVARLKKLITLMQANMATKDDLARMATKDDIANMATKDDIANMATKDDIAKLDVKIENLNTKMKQLEWKVEELLSKVYHLENEVARLKKLVGSGHHHHHH,1
MVAFWKECKMTKQTFDDLINQINTVSNDVQRERGTLFEKLTLAYLKNEPTYKALYQNVWLLSEVPESYGIPKKDTGVDLVAEQKNGDLVAIQAKFYTNKVGKSEINSFVAELGKSYYQRGLIVSTMDDWNSNARETIDQNEKGIEIIGLSDLRNSQIDWSQFNFERPENVVVKKPKKLRDYQQTAKENALAHFKENDRGQLIMAPGTGKTFTSLKISEALSKDKDGPFKVLYLVPSIQLLTQTLRGWNNDTELTMTSMAVTSDRDASRGTDGTEDIKASDIGYPATTSSKKILQNWHDFESLPKQTDMLVVFSTYQSIEVIGEAQKEGFPEFDFIISDEAHRTTGAHEAAKEASAFSKVHSNNNVKGLKRMYQTATPKIYGESAKKNAKDKSILLSSMDDESKYGEVFFRMGFGQAVSRDILTDYKVMVLAVDEAAIQKDMQRTLADPENGLNIDDVGRIVGIWNGMMRRNGYKNPIKNSPYDGAPLERAIAFTRTIEESKKVSSQFEEVVNEYISEAIEDESIHLSMRHADGQMNALQKGEVLDWLANPNKPADEARIVSNVRFLTEGIDIPTLDAVIFLSPKKSQVDIVQAVGRIMRKAEGKDYGYIILPIVIPTGEKPETILDNNKNYETVWQVINALRSVDERFEAMIDKLNMAKPKQLKVIGVGSSPDQVNDQDKTTENTPVQTELEFEWDKFEGAIFGKIVQKVGDRKYLENWSKDVAKIAERQINWIKNKLSDKKDPISLEFKKFVSSLQHNINDSIDEKQAAEMLSQHLITKPIFEALFSEYSFVNQNPVSQAMESIVSELEKAGFAKEQENLEPLYESVRMRAEGIEKAEDKQKIIVTLYDKFFKTAFKATTERLGIVFTPIEVVDFIVHSVDDVLKKHFGKSLASKDVHILDPFTGTGTFIVRTLTYLKEQMDAGEISLADITRKFMKELHANEIVLLSYYIAAINIESTFDEINGDEEGYVPFEGIVLTDTFESTETEDTLDDDYFGTNDERLKRQQKVPITVIMGNPPYSAKQKNEDGNQIRTTYEKLDASLQNSWVETSTATNKNNLFDSYIRAMRWSSDRISDNGVIGFITNNSFIDGNAMDGMRQSLLEEFSDIYVLNLKGGIRGKTKDQSALEGGNIFDIMTGVTIIMLIKKSDYTVEGRIHYLDIGNNLDKYQKLEKLKNWKSLNGATSEFQNIIPNEKGDWINQRNSNFDELISLGNKKGSDSLFIDYTGGLKTGRDNWSWNFSKEQVELSMKSSIDYYNQYLGDTNIYKEDVPDISWTRSLKQRFERRETQSWQGERMYLGMYRPFTKKHVYYAQAWIDRQYQMTKVLPSSTSSNLMISLSNKTGGKQFSTLIVDVLPDVNLFTGGSQNLPKYLYRNNDTGNLFDNSEKYSAIRHEVLNKLPNLSEEDAMYYVYGLFHSIQYGKVYYEDLAKSFPKIPNVKHKEKYIKIGKELADLHLNYENQPICEGIDVQISELNYRVKKMKHPKKGVLDTIIYNESITIKNIPEKAYEYVVNGRPAIEWIINQYQVKTDKKSGITDDPNEFSDDPKYILNLLLSVITVSMRTLELIDELPEFEIQE,1
MSSADKERLARENHSEIERRRRNKMTAYITELSDMVPTCSALARKPDKLTILRMAVSHMKSLRGTGNTSTDGSYKPSFLTDQELKHLILEAADGFLFIVSCETGRVVYVSDSVTPVLNQPQSEWFGSTLYDQVHPDDVDKLREQLSTSENALTGRVLDLKTGTVKKEGQQSSMRMCMGSRRSFICRMRCGTSSVDPVSMNRLSFLRNRCRNGLGSVKEGEPHFVVVHCTGYIKAWPPAGVSLPDDDPEAGQGSKFCLVAIGRLQVTSSPNCTDMSNICQPTEFISRHNIEGIFTFVDHRCVATVGYQPQELLGKNIVEFCHPEDQQLLRDSFQQVVKLKGQVLSVMFRFRSKTREWLWMRTSSFTFQNPYSDEIEYIICTNTNV,1
MGSSHHHHHHSSGLVPRGSHMSPSPVPGSQNVPAPAVKKISQYACQRRTTLNNYNQLFTDALDILAENDELRENEGSCLAFMRASSVLKSLPFPITSMKDTEGIPCLGDKVKSIIEGIIEDGESSEAKAVLNDERYKSFKLFTSVFGVGLKTAEKWFRMGFRTLSKIQSDKSLRFTQMQKAGFLYYEDLVSCVNRPEAEAVSMLVKEAVVTFLPDALVTMTGGFRRGKMTGHDVDFLITSPEATEDEEQQLLHKVTDFWKQQGLLLYCDILESTFEKFKQPSRKVDALDHFQKCFLILKLDHGRVHSEKSGQQEGKGWKAIRVDLVMCPYDRRAFALLGWTGSRQFERDLRRYATHERKMMLDNHALYDRTKRVFLEAESEEEIFAHLGLDYIEPWERNA,1
GGSMSLQPLTAVNCGSLVQPGFSLLDLEGDVYLFGQKGWPKRSCPTGIFGVRIKKGELKLRAISFSNNSSYLPPLRCPAIAHFEAQDGKPECYLIHGGRTPNNELSSSLYMLSVDSRGCNRKVTLRCEEKELVGDVPSARYGHTLSVINSRGKTACVLFGGRSYMPPTERTTQNWNSVVDCPPQVYLIDLEFGCCTAHTLPELTDGQSFHVALARQDCVYFLGGHILSSDCRPSRLIRLHVELLLGSPVLTCTILHEGLTITSAIASPIGYHEYIIFGGYQSETQKRMECTYVGLDDVGVHMESREPPQWTSEISHSRTWFGGSLGKGTALVAIPSEGNPTPPEAYHFYQVSFQKEQDGEATAQGGSQESTDFEDSAPLEDSEELYFGREPHELEYSSDVEGDTYNEEDEEDESQTGYWIKCCLSCQVDPNIWEPYYSTELTRPAMIFCSRGEGGHWVHAQCMELPESLLLQLSQDNSKYFCLDHGGLPKQEMTPPKQMLPVKRVPMKMTHRKAPVSLKMTPAKKTFLRRLFD,1
GALNPESADLRALAKHLYDSYIKSFPLTKAKARAILTGKTTDKSPFVIYDMNSLMMGEDKIKFKHITPLQEQSKEVAIRIFQGCQFRSVEAVQEITEYAKSIPGFVNLDLNDQVTLLKYGVHEIIYTMLASLMNKDGVLISEGQGFMTREFLKSLRKPFGDFMEPKFEFAVKFNALELDDSDLAIFIAVIILSGDRPGLLNVKPIEDIQDNLLQALELQLKLNHPESSQLFAKLLQKMTDLRQIVTEHVQLLQVIKKTETDMSLHPLLQEIYKDLY,1
GSMATSSEEVLLIVKKVRQKKQDGALYLMAERIAWAPEGKDRFTISHMYADIKCQKISPEGKAKIQLQLVLHAGDTTNFHFSNESTAVKERDAVKDLLQQLLPKFKRKAN,1
GSHMAHHLKRGATMNEDSNEEEEESENDWEEVEELSEPVLGDVRESTAFSRS,1
GSHMESFLLSKVSFVIKKIRLEKGMTQEDLAYKSNLDRTYISGIERNSRNLTIKSLELIMKGLEVSDVVFFEMLIKEILKHD,1
GSHMPGFYEIVIKVPSDLDGHLPGISDSFVNWVAEKEWELPPDSDMDLNLIEQAPLTVAEKLQRDFLTEWRRVSKAPEALFFVQFEKGESYFHMHVLVETTGVKSMVLGRFLSQIREKLIQRIYRGIEPTLPNWFAVTKTRNGAGGGNKVVDESYIPNYLLPKTQPELQWAWTNMEQYLSACLNLTERKRLVAQHLTHVSQTQEQNKENQNPNSDAPVIRSKTSARY,1
MSKIEKLSILGVRSFGPHHPETIAFNTPLTLIVGYNGSGKTTVIECLKYATTGELPPNSTRNGAFIHDPDLVGEKEVRAQVKLSFRSTIGESYVVTRNIQLLVQRNNKRTQKTLEGSLLLRNNGERTVISTRVAELDKLVSEKLGVPPAILDAVIFCHQDDSLWPMSEPAALKKRFDEIFEAQKYTKVIENIRLLKKKKGDELKILKEREVQDKANKERAEKVDGGAGGAGGELDLKDAKAKYKETHIKVETTKAAIEDLGRGMAAVDHAIMQYHSKMMEQINRTIAELWQSTYQGTDIDTIQIRSDVESTTSSDSGTRRNYNYRVSMVKGDTEMDMRGRCSAGQKVLASIIIRLALAESFCANCGLIALDQPTTNLDSDNIRSLAESLHGIIKARQAQGNLQLIVITHDEEFLKYMQCSDFCDDFYRVKRDEKQNSVIVRESITRITE,1
GPLGSLDQKTFSICKERMRPVKAALKQLDRPEKGLSEREQLEHTRQCLIKIGDHITECLKEYTNPEQIKQWRKNLWIFVSKFTEFDARKLHKLYKHAIKKRQESQQNS,1
MKHHHHHHHSDYDIPTTENLYFQGSGSMGKINLNQIYTAKEMSERIGKNRNYLSQAYRNNKHEILKNFNYRKIGGTIIFSDNPNNDLSQLITAKEASQLLGKNDEYFAHIYKRFPHRLEGIDHIYTGKTLFLTKESLEVFKKKMNKNVR,1
MNGPKADIAWAASAEVANKPRLVFVGDELRYAQGANQRDVELDGFVNYHWLTSPGGLGLPKVMLEAGINAPAEVVGPDRSRRALIAIRSSPWKAGHETNPWHDEFDLDHGHVRYFGDHKPSTVGLPGETKGNRLLLEAARLHAGTTREERLLAPPLFLFRAVTVHRAGRAVVKGHVEFCGAAIIERLEHVVQRDPETGRSFPNLSLDLAVVSGGEIDGVDFRWIDDRRNAALAAGETLRHAPESWIRWVRQGRLAIPGIRRRVLASAVQSSKEQQPASGSAEAATLQTLYKFYDGRKHAFELLASRVAAEVFRESGARYKEGWLSRSSGDGGVDFIGRIDMGSLKASTPVVVLGQAKCIQPTSSVSPEQVARVVARLRRGWIGVYVTTGSFSRQAQVEIIDDQYPVVLIAGGTLAATVRRMVQANYGGDLDALLASTVDEYGAAVTHRRPEEVISL,1
MTDQPDLFGLAPDAPRPIIPANLPEDWQEALLPEFSAPYFHELTDFLRQERKEYTIYPPAPDVFNALRYTPLGEVKVLILGQDPYHGPNQAHGLSFSVRPGVRVPPSLRNIYKELTEDIPGFVAPKHGYLRSWAEQGVLLLNAVLTVRAAQANSHQGKGWEHFTDAVIKAVNAKEERVVFILWGSYARKKKKLITGKNHVVIESGHPSPLSEQYFFGTRPFSKTNEALEKAGRGPVEWQLPATVTEE,1
MDLEYMHISYPNILLNMRDGSKLRGYFAKKYIDEEIVHNHRDNAFVYKYPQIQFKIIDRSPLIIGIGSLGINFLESKRIFFEKELIISNDTNDITEVNVHKDMDHFGTTDKILKYQFKTPWMALNAKNSEIYKNSDEIDREEFLKRVLIGNILSMSKSLGYTIEEKLKVKINLKEVPVKFKNQNMVGFRGEFYINFDIPQYLGIGRNVSRGFGTVVKV,1
MKEFRPGDKVVLPPYGVGVVAGIAQRSVSGVSRAYYQVDFPGSRSKAYVPVEAPHSVGLRKALAPEEVPVILDLLKNGRMPLPKQWAARHRKTSEILADGNPYRIAQMAGQLRAWEVERGLPDLDRQALRRAIHLLAEEVAQSLEITVQEAKRLFEEAWGEELN,1
MGSSHHHHHHSQGSEFMDPLSPPLCTLPPGPEPPRFVCYCEGEESGEGDRGGFNLYVTDAAELWSTCFTPDSLAALKARFGLSAAEDITPRFRAACEQQAVALTLQEDRASLTLSGGPSALAFDLSKVPGPEAAPRLRALTLGLAKRVWSLERRLAAAEET,1
MGSSHHHHHHSSGLVPRGSHMTSSGVYTIAEVEAMTGLSAEVLRQWERRYGFPKPRRTPGGHRLYSAEDVEALKTIKRWLEEGATPKAAIRRYLAQEVRPEDLGTGLLEALLRGDLAGAEALFRRGLRFWGPEGVLEHLLLPVLREVGEAWHRGEIGVAEEHLASTFLRARLQELLDLAGFPPGPPVLVTTPPGERHEIGAMLAAYHLRRKGVPALYLGPDTPLPDLRALARRLGAGAVVLSAVLSEPLRALPDGALKDLAPRVFLGGQGAGPEEARRLGAEYMEDLKGLAEALWLPRGPEKEAI,1
SNAMLRSSSVDRKREEEPRLSYMIARVDRIISKYLTEHLSALEISLPQFTALSVLAAKPNLSNAKLAERSFIKPQSANKILQDLLANGWIEKAPDPTHGRRILVTVTPSGLDKLNQCNQVVQQLEAQMLQGVDINLAFLIRNNLELMVKNLSTFSSLDQSKE,1
MNFGAFSINPAMMAAAQAALQSSWGMMGMLASQQNQSGPSGNNQNQGNMQ,1
GVSLKEDLKDLVRKAEEIGRELSGKLKTNQLRKFHGHLTKIWSNYIYKKKDYRDNPEKFNEEILNELHFMKIFLAYQVGRDIEGISELKEILEPLIDEIKTPDEFEKFKKFYDAILAYHKFHS,1
GEFSESASRPRKPCNCTKSLCLKLYCDCFANGEFCNNCNCTNCYNNLEHENERQKAIKACLDRNPEAFKPKIGKGKEGESDRRHSKGCNCKRSGCLKNYCECYEAKIMCSSICKCIGCKNFEESPERKTLMHLAD,1
GGDGRKKRKRCGTCEPCRRLENCGACTSCTNRRTHQICKLRKCEVLKKKVGL,1
MGSSHHHHHHSSGLVPAGSHMQLVSNGFEVNLPDQVEVIVRDLPDPSKVKEERTRLMGYWFVHWFDGKLFHLRIKAGGPNVDGEHRAIRTAEHPWLLRARLDDALEEALPKYAAVKKRPFTFLAQKDELIDAAATAAGLSHRLLNSFKVIPRFALSPKIYEPVDGTTRVGVFVTIGMRYDIEASLRDLLEAGIDLRGMYVVRRKRQPGERGLLGRVRAISDDMVQLFEETDLASVNVNDAKLEGSKENFTRCLSALLGHNYKKLLNALDDQEAGYRTGPRFDDAVRRMGEFLAKKPIRLADNINAQVGDRIVFSNEGQARNVRLAPKVEYVFDRTGAKSAEYAWRGLSQFGPFDRPSFANRSPRILVVYPSSTQGKVENFLSAFRDGMGSNYSGFSKGFVDLMGLTKVEFVMCPVEVSSADRNGAHTKYNSAIEDKLAGAGEVHAGIVVLFEDHARLPDDRNPYIHTKSLLLTLGVPTQQVRMPTVLLEPKSLQYTLQNFSIATYAKLNGTPWTVNHDKAINDELVVGMGLAELSGSRTEKRQRFVGITTVFAGDGSYLLGNVSKECEYEGYSDAIRESMTGILRELKKRNNWRPGDTVRVVFHAHRPLKRVDVASIVFECTREIGSDQNIQMAFVTVSHDHPFVLIDRSERGLEAYKGSTARKGVFAPPRGAISRVGRLTRLLAVNSPQLIKRANTPLPTPLLVSLHPDSTFKDVDYLAEQALKFTSLSWRSTLPAATPVTIFYSERIAELLGRLKSIPNWSSANLNIKLKWSRWFL,1
MRIVAADTGGAVLDESFQPVGLIATVAVLVEKPYKTSKRFLVKYADPYNYDLSGRQAIRDEIELAIELAREVSPDVIHLNSTLGGIEVRKLDESTIDALQISDRGKEIWKELSKDLQPLAKKFWEETGIEIIAIGKSSVPVRIAEIYAGIFSVKWALDNVKEKGGLLVGLPRYMEVEIKKDKIIGKSLDPREGGLYGEVKTEVPQGIKWELYPNPLVRRFMVFEITSKSHHHH,1
HHHHHHMTLTELRYIVTLAQEQHFGRAAERCHVSQPTLSVGVKKLEDELGVLIFERSKSAVRLTPVGEGIVAQAQKVLEQAQGIRELAQAGKNQLAAPLKVGAIYTIGPYLFPHLIPQLHRVAPQMPLYIEENFTHILRDKLRTGELDAIIIALPFQEADVLTKPLFDEPFYVLMPADHPWTAKASIDSELLNDKSLLLLGEGHDFRDQVLEACPTVRKGDENKHTTVESSSLETIRHMVASGLGVSVLPFSAVDSHHYAPGVIEVRPFSAPVPFRTVAIAWRASFPRPRAIEVLADSIRLCSVARPQTQEQPQIA,1
GSHMNINKQSPIPIYYQIMEQLKTQIKNGELQPDMPLPSEREYAEQFGISRMTVRQALSNLVNEGLLYRLKGRGTFVSKPKMEQALQGLTSFTEDMKSRGMTPGSRLIDYQLIDSTEELAAILGCGHPSSIHKITRVRLANDIPMAIESSHIPFELAGELNESHFQSSIYDHIERYNSIPISRAKQELEPSAATTEEANILGIQKGAPVLLIKRTTYLQNGTAFEHAKSVYRGDRYTFVHYMDRLS,1
PLREAKDLHTALHIGPRALSKASNISMQQAREVVQTCPHCNSAPALEAGVNPRGLGPLQIWQTDFTLEPRMAPRSWLAVTVDTASSAIVVTQHGRVTSVAVQHHWATAIAVMGRPKAIKTDNGSCFTSKSTREWMARWGIAHTTGIPGNSQGQAMVERANRMMKDKIRVLAEGDGFMKRIPTSKQGEMMAKAMYALNHFERGENTKTPIQKHWRPTVLTEGPPVKIRIETGEWEKGWNVLVWGRGYAAVKNRDTDKVIWVPSRKVKPDIT,1
GAMGSGILRGGMDLPVGPGAAGPSNVPAFLTKLWTLVSDPDTDALICWSPSGNSFHVFDQGQFAKEVLPKYFKHNNMASFVRQLNMYGFRKVVHIEQGGLVKPERDDTEFQHPCFLRGQEQLLENIKRKVT,1
MRGSHHHHHHGSQKTSDLIVLGLPWKTTEQDLKEYFSTFGEVLMVQVKKDLKTGHSKGFGFVRFTEYETQVKVMSQRHMIGGRWCDCKLPNSKQSQDEPLRSR,1
MDAGQPELLTERSSPKGGHVKSHAELEGNGEHPEAPGSGEGSEALLEICQRRHFLSGSKQQLSRDSLLSGCHPGFGPLGVELRKNLAAEWWTSVVVFREQVFPVDALHHKPGPLLPGDSAFRLVSAETLREILQDKELSKEQLVAFLENVLKTSGKLRENLLHGALEHYVNCLDLVNKRLPYGLAQIGVCFHPVFDTKQIRNGVKSIGEKTEASLVWFTPPRTSNQWLDFWLRHRLQWWRKFAMSPSNFSSSDCQDEEGRKGNKLYYNFPWGKELIETLWNLGDHELLHMYPGNVSKLHGRDGRKNVVPCVLSVNGDLDRGMLAYLYDSFQLTENSFTRKKNLHRKVLKLHPCLAPIKVALDVGRGPTLELRQVCQGLFNELLENGISVWPGYLETMQSSLEQLYSKYDEMSILFTVLVTETTLENGLIHLRSRDTTMKEMMHISKLKDFLIKYISSAKNVAAALEHHHHHH,1
MTSQPVPHPSARHSHAHPHVHSQESLQKLVNRLSRIEGHIRGVKTMVQENRPCPEVLIQVAAVRGALDRVARLILDDHMNECITRAAAEGNIEQELAELKEALDRFL,1
MHHHHHHSSGVDLGTENLYFQSMAGAVGRPRRSAPRRAGKNPREEILDASAELFTHQGFATTSTHQIADAVGIRQASLYYHFPSKTEIFLTLLKSTVEPSTVLAEDLSILDAGPEMRLWAIVASEVRLLLSTKWNVGRLYQLPIVGSEEFAEYHSQREALTNIFRDLATEIVGDDPRAELPFHITMSVIEMRRNDGKIPSPLSADSLPETAIMLADASLAVLGASLPADRVEKTLELIKQADAK,1
MVPASDPSDGQRRRQQQQQQQQQQQQQPQQPQVLSSEGGQLRHNPLDIQMLSRGLHEQIFGQGGEMPGEAAVRRSVEHLQKHGLWGQPAVPLPDVELRLPPLYGDNLDQHFRLLAQKQSLPYLEAANLLLQAQLPPKPPAWAWAEGWTRYGPEGEAVPVAIPEERALVFAVAVCLAEGTCPTLAVAISPSAWYSWCSQRLVEERYSWTSQLSPADLIPLEVPTGASSPTQRDWQEQLVVGHNVSFDRAHIREQYLIQGSRMRFLDTMSMHMAISGLSSFQRSLWIAAKQGKHKVQPPTKQGQKSQRKARRGPAISSWDWLDISSVNSLAEVHRLYVGGPPLEKEPRELFVKGTMKDIRENFQDLMQYCAQDVWATHEVFQQQLPLFLERCPHPVTLAGMLEMGVSYLPVNQNWERYLAEAQGTYEELQREMKKSLMDLANDACQLLSGERYKEDPWLWDLEWDLQEFKQKKAKKVKKEPATASKLPIEGAGAPGDPMDQEDLGPCSEEEEFQQDVMARACLQKLKGTTELLPKRPQHLPGHPGWYRKLCPRLDDPAWTPGPSLLSLQMRVTPKLMALTWDGFPLHYSERHGWGYLVPGRRDNLAKLPTGTTLESAGVVCPYRAIESLYRKHCLEQGKQQLMPQEAGLAEEFLLTDNSAIWQTVEELDYLEVEAEAKMENLRAAVPGQPLALTARGGPKDTQPSYHHGNGPYNDVDIPGCWFFKLPHKDGNSCNVGSPFAKDFLPKMEDGTLQAGPGGASGPRALEINKMISFWRNAHKRISSQMVVWLPRSALPRAVIRHPDYDEEGLYGAILPQVVTAGTITRRAVEPTWLTASNARPDRVGSELKAMVQAPPGYTLVGADVDSQELWIAAVLGDAHFAGMHGCTAFGWMTLQGRKSRGTDLHSKTATTVGISREHAKIFNYGRIYGAGQPFAERLLMQFNHRLTQQEAAEKAQQMYAATKGLRWYRLSDEGEWLVRELNLPVDRTEGGWISLQDLRKVQRETARKSQWKKWEVVAERAWKGGTESEMFNKLESIATSDIPRTPVLGCCISRALEPSAVQEEFMTSRVNWVVQSSAVDYLHLMLVAMKWLFEEFAIDGRFCISIHDEVRYLVREEDRYRAALALQITNLLTRCMFAYKLGLNDLPQSVAFFSAVDIDRCLRKEVTMDCKTPSNPTGMERRYGIPQGEALDIYQIIELTKGSLEKRSQPGPAAALEHHHHHH,1
MESEYREMLLLTGLDHITEEELKRFKYFALTEFQIARSTLDVADRTELADHLIQSAGAASAVTKAINIFQKLNYMHIANALEEKKKEAERKLMTN,1
NAMTYTTAKAAEKIGISAYTLRFYDKEGLLPNVGRDEYGNRRFTDKDLQWLSLLQCLKNTGMSLKDIKRFAECTIIGDDTIEERLSLFENQTKNVKCQIAELKRYLDLLEYKLAFYQKAKALGSVKAVNLPQIPETS,1
MGSSHHHHHHSSGLVPRGSHMTEGTIKTSKYEIIAIFREELRKRTEIEIFFNNTSIITQLTRVDFAEFHIQTHRKIPSGHKIRFLLHSDSGKIEFNAALTKHDNSGVDKGIRYAFSLPECLQVVQRRRDPRFRLRHEHDFYCRGRHKNGENYLFDIKDISDGGCALMTKTPNLKFLSHNALLKNAVLMLAEYGEITIDLVVKNVIVITLDNANEESESYYQISCQFKFRHLDDQRRIEKILLDLILEA,1
MATKEQIVEHRESEIPIASQWKATFPVDLEIEKNSEMFALRYIKCASAFILDRRGILDEKCFKTRTIDKLLVTAFQSSVPAAKRVSSTFDGLRDAIQQGYLREFAIVFYKKPNEEDINEVFAFRFAYGDEGEIFVSLNNGIDTNESSQELLQAKFVDTDNTKQMFASTIKKLHRCIKKMEPLPQGSDASFRVSYTEKAPKDYTPEGYLLSPMFYTLNQDIRKASIGIVCGGHHKIQMLAASQYLKQDFDLDKTTTLNPNMSIMANQSKRKGRISRDSPYGLSQGITKKNKD,1
MKKVNNDTVFGILQLETLLGDINSIFSEIESEYKMSREEILILLTLWQKGSMTLKEMDRFVEVKPYKRTRTYNNLVELEWIYKERPVDDERTVIIHFNEKLQQEKVELLNFISDAIASRATAMQNSLNAIIAVHHHHHH,1
MSHLENCLGVQKIAPEQIRQLFAQTSEYHFSIPAKTEEKSNLNVFFGEGRRDKRGFVKPRPWYEVELIVSKDITSQEGYPVLKSFTVITDDGWQFQCKTSGDYSKNFRSENDLKTLGKWIKGRLESHGCLQNNEKITHETLREYGNDHFELRSTDNPDVWLLSFKGKNSGGHHHHHHG,1
MRGSHHHHHHGSENLYFQGGSVLFGSLRGHVVGLRYYTGVVNNNEMVALQRDPNNPYDKNAIKVNNVNGNQVGHLKKELAGALAYIMDNKLAQIEGVVPFGANNAFTMPLHMTFWGKEENRKAVSDQLKKHGFKLGPA,1
EDNFELVFLKELPSLPDFSKVCFTGLILSFSNFPSSEQNQQKDVPHKIAIIQDSTGEAELFLDMYKFCQEEISVFKAITGIGVLKKKNIGAGQVCKIIVERFRIIHSADEEMLQYLLIQKYKLSKTLN,1
WSHPQFEKMQLNKEVLKGYIDILIVSILEKKDCYGYEIAKQVRERSEFELKEGTMYLALKRMESKNLIKSYYSNEQSSGGRRKYYNLTNEGKDFLEIKKQEWRFIKKVMNQFLGEVD,1
GSHMKRNYILGLDIGITSVGYGIIDYETRDVIDAGVRLFKEANVENNEGRRSKRGARRLKRRRRHRIQRVKKLLFDYNLLTDHSELSGINPYEARVKGLSQKLSEEEFSAALLHLAKRRGVHNVNEVEEDTGNELSTKEQISRNSKALEEKYVAELQLERLKKDGEVRGSINRFKTSDYVKEAKQLLKVQKAYHQLDQSFIDTYIDLLETRRTYYEGPGEGSPFGWKDIKEWYEMLMGHCTYFPEELRSVKYAYNADLYNALNDLNNLVITRDENEKLEYYEKFQIIENVFKQKKKPTLKQIAKEILVNEEDIKGYRVTSTGKPEFTNLKVYHDIKDITARKEIIENAELLDQIAKILTIYQSSEDIQEELTNLNSELTQEEIEQISNLKGYTGTHNLSLKAINLILDELWHTNDNQIAIFNRLKLVPKKVDLSQQKEIPTTLVDDFILSPVVKRSFIQSIKVINAIIKKYGLPNDIIIELAREKNSKDAQKMINEMQKRNRQTNERIEEIIRTTGKENAKYLIEKIKLHDMQEGKCLYSLEAIPLEDLLNNPFNYEVDHIIPRSVSFDNSFNNKVLVKQEEASKKGNRTPFQYLSSSDSKISYETFKKHILNLAKGKGRISKTKKEYLLEERDINRFSVQKDFINRNLVDTRYATRGLMNLLRSYFRVNNLDVKVKSINGGFTSFLRRKWKFKKERNKGYKHHAEDALIIANADFIFKEWKKLDKAKKVMENQMFEEKQAESMPEIETEQEYKEIFITPHQIKHIKDFKDYKYSHRVDKKPNRELINDTLYSTRKDDKGNTLIVNNLNGLYDKDNDKLKKLINKSPEKLLMYHHDPQTYQKLKLIMEQYGDEKNPLYKYYEETGNYLTKYSKKDNGPVIKKIKYYGNKLNAHLDITDDYPNSRNKVVKLSLKPYRFDVYLDNGVYKFVTVKNLDVIKKENYYEVNSKAYEEAKKLKKISNQAEFIASFYNNDLIKINGELYRVIGVNNDLLNRIEVNMIDITYREYLENMNDKRPPRIIKTIASKTQSIKKYSTDILGNLYEVKSKKHPQIIKKG,1
GMIKPSNYQPPYTITPAIVNLVAEIGEIIGRYTVLAEQNLTPRLRRENRIRTIQASLAIENNTLTLEQVTAVIDGKRVLGHPREIQEVRNAFATYEAMEDWDASVEGDLLAAHELLMRGLVDETGRYRSGGVGIFRGEQLVHMAPPADRVPKLMADLLDWLENTNEHPLVASCIFHYEFEFIHPFADGNGRMGRLWQTLILRNWKPLLAYLPVETVIRDRQEDYYRVLAVADSQADATPFVEFMLGALRDAVREAVSTDHVGDQVTDQVAALIRAIGGGELSSNDLMQALGLSHRPTFRNNYLNPAMEDEWIERTQPDSPRSPTQRYRLTGKGQRWLQHHADE,1
MPKQESQKKKLTRFPISRLKRIMQLNEDIGKIGASVPVVASKAIEMFLTEIVGLTLKEARKKSSSRMSSEFIIRATESDPKFAFLKNMEQFKNRE,1
MRGSHHHHHHGSMDNAFSPSDLKTILHSKRANVYYLQHCRILVNGGRVEYVTEEGNQSLYWNIPIANTSVVMLGTGTSVTQAAMREFARAGVMIGFCGGGGTPLFAANEAEVAVSWLSPQSEYRPTEYLQDWVSFWFDDEKRLAAAIAFQQVRITQIRQHWLGSRLSRESRFTFKSEHLQALLDRYQKGLTDCRTSNDVLVQEAMMTKALYRLAANAVSYGDFTRAKRGGGTDLANRFLDHGNYLAYGLAAVSTWVLGLPHGLAVLHGKTRRGGLVFDVADLIKDALVLPQAFIAAMEGEDEQEFRQRCLTAFQQSEALDVMIGSLQDVASKLSQVVR,1
GSHMDPFLKGSARWTAEHWDYLERRMQNFCQTYSLDHTQVADSLHEKRLHGPLSSLVKLLVQEMPSFTRRTILRHLRALYNIPGYEKYSRKNSSGRGDFGVQETAIISQEVHNFIMDQGWSEYQFCNQIWAGKCPKTIRMFYSNLYKKLSHRDAKSIYHHVRRAYNPFEDRCVWSKEEDEELRKNVVEHGKCWTKIGRKMARMPNDCRDRWRDVVRFGDKLKRNAWSLEEETQLLQIVAELRNREDLSSDINWTLVAQMLGTRTRLQCRYKFQQLTKAASKFELQENVWLLERIYDSLLNNGGKIHWENIVKEANGRWTRDQMLFQFINLKKMIPSYDNLPLLEATKSAIDDFKVVLSGFSN,1
GHMNMEKNDDENTLPKATVDKMVSSMLPKNSVVPKESKEIFQNACIYFLNMLTLEANKACEEEKKKTISYEHVYKALKNLGFESYVESCMKEHENYESYIKQKPSKIDKFKDSGLTMEELHSQQIKLFQNAKLQFERSFEDDHYGDNDG,1
MRLDLDFGRGLVAHVMLDNVSEEQYQQISDYFVPLVNKPKLKSRDAIGQAFVMATEVCPDANPSDLWHHVLYRIYIREKIGTDPSQSWVRTSGEAFEVALVERYNPVLARHGIRLTALFKGQKGLALTRMGVADRVGSRKVDVMIEKQGGGRSPDAEGFGVVGGIHAKVSLAERVSDDIPASRIMMGEGLLSVLSTLDVKSFPPPHGDLVNRGELGTPDRPSDKRNYIEGHGDFSACFSYNLRTSPSNATTPSGRHIYVSGFSGQDDEFTDYLVAQLA,1
MAVLAESELGSEAQRERRKRILDATMAIASKGGYEAVQMRAVADRADVAVGTLYRYFPSKVHLLVSALGREFSRIDAKTDRSAVAGATPFQRLNFMVGKLNRAMQRNPLLTEAMTRAYVFADASAASEVDQVEKLIDSMFARAMANGEPTEDQYHIARVISDVWLSNLLAWLTRRASATDVSKRLDLAVRLLIGDQDSAHHHHHH,1
MFEQRVNSDVLTVSTVNSQDQVTQKPLRDSVKQALKNYFAQLNGQDVNDLYELVLAEVEQPLLDMVMQYTRGNQTRAALMMGINRGTLRKKLKKYGMN,1
MLEKEEATTSENSNLVSTDEPHLGGVLAAADVGGKQDATNYNSIFANRFAAFDELLSILKTKFACRVLFEETLVLPKVGRSRLHLCKDGSPRVIKAVGVQRNGSEFVLLEVDVSDGVKMLSTKVLSGVDSETWRNDFEKIRRGVVKSSLNWPNSLFDQLYGQDGHRGVNHPKGLGELQVSRENMEGWAERVVREQFTHLEHHHHHH,1
MSLSTRIAPHLPYLRRFARSVTGSQSSGDAYVSAMLEALVADISIFPRASCDRIGTYWLFCHLFDQTTPNIPEPLPQFGLEQKTSAKLSYLTPRARQAFLLIAVEGFNEQEASEIMNLDARDFRKLLNQASIDISQQIATQVMIIEDEPLIAMDIEQMVESLGHQVVGIARTRKEAVVMYHQKKPRLILADIQLADNSSGIDAVNDILQNDRIPVIFITAFPERLLTGERPEPTFLVTKPFNPDMVKALISQALFFKENASKAALEAGWSHPQFEK,1
MGSSHHHHHHSSGLVPRGSHMPIQVLPPQLANQIAAGEVVERPASVVKELVENSLDAGATRIDIDIERGGAKLIRIRDNGSGIKKDELALALARHATSKIASLDDLEAIISLGFRGEALASISSVSRLTLTSRTAEQQEAWQAYAEGRDMCVTVKPAAHPVGTTLEVLDLFYNTPARRKFLRTEKTEFNHIDEIIRRIALARFDVTINLSHNGKIVRQYRAVPEGGQKERRLGAILGTAFLEQALAIEWQHGDLTLRGWVADPNHTTPALAEIQYFYVNGRMMRDRLINHAIRQAYEDKLGADQQPAFVLYLEIDPHQVDVNVHPAKHEVRFHQSRLVHDFIYQGVLSVLQQQLETPLPLDDEPQPAPR,1
MGSSHHHHHHSQDPMNDCDEKNLTNHFTFGDDLLGVNSEIARKLRQFYLEIQEEALPARLLELLERLEQAERFGLNNAEKV,1
ADTIVAVELDTYPNTDIGDPSYPHIGIDIKSVRSKKTAKWNMQNGKVGTAHIIYNSVGKRLSAVVSYPNGDSATVSYDVDLDNVLPEWVRVGLSASTGLYKETNTILSWSFTSKLKSNSTHETNALHFVFNQFSKDQKDLILQGDATTGTDGNLELTRVSSNGSPQGSSVGRALFYAPVHIWESSAVVASFDATFTFLIKSSDSHPADGIAFFISNIDSSIPSGSTGRLLGLFPDAN,1
GHMVSRIEQRCIDKGMKMTDQRRVIAQVLSDSADHPDVEEVYRRATAKDPRISIATVYRTVRLFEEESILERHDFGDGRARYEEAPSEHHDHLIDVNSARVIEFTSPEIEALQREIARKHGFRLVGHRLELYGVPLTSGGDSDDK,1
GPLGSMLKLSELHDVFQRHPELELKYLNMMKMAITGKESICLPFNFHSHRQHTCLDISPYGNEQVSRIACTSCEDNRILPTASDAMVAFINQTSNIMKNRNFYYGFCKSSELLKLSTNQPPIFQIYYLLHAANHDIVPFMHAEDGRLHMHVIFENPDVHIPCDCITQMLTAAREDYSVTLNIVRDHVVISVLCHAVSASSVKIDVTILQRKIDEMDIPNDVSESFERYKELIQELCQ,1
SIWDIEKASLLVNDCQNIANMAEQKVMMVSAIFSESSKDIVNPESFSERLGKETVKDLYEFNEQLTTKYGLEFRTIFFSYIRKYDAYWCLFEDLEKPLKSIQFFTGLIDLLDNTNKHLTLRSIVLDALLSADEEDSFYGDALVLFEELVIRYFGTDSNPSIDASEFILSCLPYTSLDALNVVCGQVWKSQKICDFLKSTIGNTSNSPLQLRASFPAFVNAVIHFLLEFKNVRRLE,1
GAMGARRRRKPRVLFSQAQVYELERRFKQQRYLSAPERDQLASVLKLTSTQVKIWFQNRRYKSKRQRQSSSSSSSSSSSSSSSAMEGIKVFLHERELWLKFHEVGTEMIITKAGRRMFPSYKVKVTGLNPKTKYILLMDIVPADDHRYKFADNKWSVTGKAEPAMPGRLYVHPDSPATGAHWMRQLVSFQKLKLTNNHLDPFGHIILNSMHKYQPRLHIVKADENNGFGSKNTAFSTHVFPETAFIAVTSYQNHKITQLKIENNPFAKGFRGSDDLELHRMSRMQ,1
MVSRYVPDMGDLIWVDFDPTKGSEQAGHRPAVVLSPFMYNNKTGMCLCVPCTTQSKGYPFEVVLSGQERDGVALADQVKSIAWRARGATKKGTVAPEELQLIKAKINVLIGHHHHHH,1
GSPLTPRFTAEEKEVLYTLFHLHEEVIDIKHRKKQRNKYSVRETWDKIVKDFNSHPHVSAMRNIKQIQKFWLNSRLRKQYPY,1
MAHHHHHHVDDDDKMLAAEAANRDHVTRCVAQTGGSPDLVAHTAALRLYLRVPHFLTEWTTDPDRRAAVSRALALDIVSMKLLDDLMDDDTGLDRVELACVCLRLHLRALHELESLARDPKAVTDILEQDAVHLCGGQIRTKRSRATNLREWRAHASTYGSTFLGRYGALAAACGGEGQPADSVREFAEAFAMTITMADDLTDYDRNGERDGNLAHLMRTGAVAGQDVVDLLEELRGRALAAVAAPPGAPGLVPVVHLYTDDVLVRLLPRHLGEAGAGAMATVKFKYKGEEKEVDISKIKKVWRVGKMISFTYDEGGGKTGRGAVSEKDAPKELLQMLEKQKK,1
MGHHHHHHMSNDIDLIKRLGPSAMDQIMLYLAFSAMRTSGHRHGAFLDAAATAAKCAIYMTYLEQGQNLRMTGHLHHLEPKRVKIIVEEVRQALMEGKLLKTLGSQEPRYLIQFPYVWMEQYPWIPGRSRIPGTSLTSEEKRQIEHKLPSNLPDAQLVTSFEFLELIEFLHKRSQEDLPPEHRMELSEALAEHIKRRLLYSGTVTRIDSPWGMPFYALTRPFYAPADDQERTYIMVEDTARYFRMMKDWAEKRPNAMRALEELDVPPERWDEAMQELDEIIRTWADKYHQVGGIPMILQMVFGRKED,1
MQSINFRTARGNLSEVLNNVEAGEEVEITRRGREPAVIVSKATFEAYKKAALDAEFASLFDTLDSTNKELVNR,1
MEAICSSLEPLFPCREAAIETLGELIGDSSETYPSAIYLFGHSGTGKTALTRAFLKECGKRQNVRTAHLNAIECYTTKIMLEILLDSLAPDQGDALKVDNMLDFVEQLRRQAATRVEDQGFLIAVDNAERLRDMDANVLPVLLRLQELTNLNLCVILLSQLPFEKFYNKTGLSEIVCLHLAQYNKAETQRILGSDFQQVRNQLLEQFAQDKKRLEICQEAVTEDFYNNYLNLFLSVFYKACRDVPELQLTARKCLSTYLEPVLDGTVDATDISRLWRHIAGPLRSALTQIYMRIEKPAEEVEDFTAIEDQSVRKLAQSLELPYYAKFLLIAAFLASHNAAKQDKRLFVKHHGKQRKRMQTVNARAKTTEKMSTTLGPKSFSIDRLLAIFYAILEEKVGLTCNLLSQISTLVHLNLLSFVSGEQNIMEGSARLQCTIGLEFVLQIGKVVGFNVRQYLCDFM,1
MPEADRELVSIRRFLKERLQRDYTTLRGYAKERSNVRLLLQRTAEMGESNSLLLLGPRGSGKTTLINSVLADLLPNKSFGENTLIVHLDGNLHTDDRVALKSITVQMQLENAADGKVFGSFAENLAFLLQCLKAGGKHSKSVIFILEEFDLFCAHHNQTLLYNLFDVSQSAQAPICVLGVTCRLDVIELLEKRVKSRFSHRQVFLFPSLRRFEDYVDLCRDLLSLPTGNSLLLAAEKIYNLQNIQSGALYFSRNHFDPGEYGFSPRLRDAWNKQICKVLATQQARSTLQALHDFDISEAYLKNFLFRLVAHLRPQSPHITAEKMAAVGSQFEGDDKIELLCGLSVLELCLIIAIKHHSQIYDRDSFNFEIIYARFSKFAKVSTTMQAVERSIVLKAFEHLRIAELIMPLTGGAGGGVGKVQKEFEMHKLALTYSQIHHCMQRYQALPTEVAQWAQSSLI,1
MKESKVPSSTDMEGKLKENQNENIKGHEAKKAHKPPPEDYEIWKARMLAKAQAKLKELEASQSHMDSQLLEA,1
MSPSMQQRTDLPAKDSSKSELQLAREQLHVSVVPKSLPCREREFENIYAFLEGKIQDQCGGCMYVSGVPGTGKTATVTGVIRTLQRMAKQNELPAFEYLEINGMRLTEPRQAYVQIYKQLTGKTVSWEQAHALLEKRFTTPAPRRVTTVLLVDELDILCNRRQDVVYNLLDWPTKSAAKLVVVTIANTMDLPERLLMGKVTSRLGLTRLTFQPYSHKQLQEIVTARLGGSETFKGEAVQLVARKVAAVSGDARRALDICRRATEIADTAAVKCVTMLHVQQALAEMIASAKVQAIRNCSRMEQIFLQAIAAEVTRTGVEETTFMGVYQQVETIAAFMGVTFPPPGRALRLCSKLGAERLIISEHSRNDLFQKILLNVSADDIHYALRVEEMVN,1
MQPFYEEYRKAWNQINDHIADLQHRSYARTLEQLVDFVVGQAERDTPDEVLPTAALLTGINQPDHLSQFTALTQRLHAQRAAMVCVLQSRDCATLKAAVETLVFGLVEDNAEVEQMEDEDEDEDGAERDRKRLRRSQCTMKQLKSWYTNNFDSEQKRRQLVVILPDFECFNASVLQDLILILSAHCGSLPFVLVLGVATAMTAVHGTLPYHVSSKIRLRVFQTQAAPTGLNEVLDKVLLSPKYAFHLSGKTFKFLTHIFLYYDFSIHGFIQGFKYCLMEHFFGGNAFALCTDYSKALGRIKQLTHEDMETIRRLPSFRPYVEQINDCKRIIAVLTDDDYLKKKLPQLLRDCLLHFLLFRCSLEFLTELVGDLPRCPLGKLRRELYVNCLNRAIISTPEYKECLQMLSFLSKDEFVAKVNRALERTEQFLVEEIAPLELGEACTAVLRPKLEAIRLAVDEVVKATMATITTTSPNETRQATDHLTPVASRQELKDQLLQRSKEDKMRHQLNTPTTQFGRALQKTLQLIETQIVQDHLRALQDAPPIHELFVFSDIATVRRNIIGAPRAALHTALNNPHFYMQCKCCELQDQSLLVGTLPDLSVVYKLHLECGRMINLFDWLQAFRSVVSDSDHEEVAQEQIDPQIQARFTRAVAELQFLGYIKMSKRKTDHATRLTW,1
MVKAAAAAASAPTGPGIYSATYSGIPVYEYQFGLKEHVMRRRVDDWINATHILKAAGFDKPARTRILEREVQKDQHEKVQGGYGKYQGTWIPLEAGEALAHRNNIFDRLRPIFEFSPGPDSPPPAPRHTSKPKQPK,1
NHKVHHHHHHMSDDDDKGIHSSVKRWGNSPAVRIPATLMQALNLNIDDEVKIDLVDGKLIIEPVRKE,1
MGSSHHHHHHSSGLVPRGSHMASMTGGQQMGRGSMSLPVTLSALDLGALLCSRICHDIISPIGAINNGLELLEEGGADEDAMALIKSSARNASARLQFARIAFGAAGSAGVQIDTGDAQNVATEYFRNEKPEFTWEGARVLLPKNKVKLLLNMLLIGNGAIPRGGSLAVRLEGSDTDPRFVITVKGRMLRVPPKFLELHSGAAPEEPIDAHSVQPYYTLLLAEEAGMKISIHATAEDIVFSAE,1
GSHMSKGEELFTGVVPILVELDGDVNGHKFSVSGEGEGDATYGKLTLKFICTTGKLPVPWPTLVTTFGYGVQCFARYPDHMKQHDFFKSAMPEGYVQERTIFFKDDGNYKTRAEVKFEGDTLVNRIELKGIDFKEDGNILGHKLEYNYNSHNVYIMADKQKNGIKVNFKIRHNIEDGSVQLADHYQQNTPIGDGPVLLPDNHYLSTQSALSKDPNEKRDHMVLLEFVTAAGIAAAGKAQLDIKNFPELYRTTERVYKKSGQSTKPVTVSNIHYSVLDGYGRSGEAYGIITKDMIDMSAGYREKWESKPEPSGWYSYFFKNTNQRATESDYKHSPKNVSKISNNIKASILLSNGNVRNGYLFDRSGLIADSLGGRPFRNNLITGTRTQNVGNNDRKGGMQYIENKVLDHIKRNPKVHVYYKATPVYQGSELLPRAVLVSALSSDGFIDETVRVFNNVAGFNIDYQNGGLLSSTADVDINNVEENEIETTDDEIEEGIENEPDTDALKKDNKDTSLQDTVYVASNGQSDVYWYNKDSMPKTVNLEKVVEMSEQVALTRGKHHSTQENIE,1
NKVLHQDLVQATRRILKLGPSELRVTDAGLICKNPNYSVCDAMLKTDTVYCVEYLLSYWESRADHVPCFIFKNTGCAVSLCCFVRAPVALVSPARHVGEFNVLKVNESLIVTLKDIEEIKPSAYGVLTKCVVRKSNSASVFNIELIAFGPENEGEYENLLRELYA,1
MIVPTYNGYIHNTRDALAVIQQVLDKQLEPVSRRPHERERGVLIVSGSVFVFIEQSSGIKRWTDGISWSPSRIQGRFLVYGELDKKNLIDKDKKKKKKRKFGPDDEYDHNVNEPDYTGGYGNHLHNDNRSHLNKNSRSGPMLLATGTGSITHTVIENKPSSSASMIHSNVIPASSSFLTDYRTSLGNGPMVSAAISQNGLVKKTITLTTTTKELHMEGKAEKQTIHLISYYSKQDIDSGKLQRPSESDLKHVQISPALWTMVQENSLGHHHHHH,1
SGAHMTRNGPGQTTGHPYYLRSFLVVLKTVLENEDDMLLFDEQEKGIVTKFYQLSATGQKLYVRLFQRKLSWIKMTKLEYEEIALDLTPVIEELTNAGFLQTESELQELSEVLELLSAPELKSLAKTFHLANPNGQKQQLVDAFLKLAKQRSVIGAVILKRAKALAGQSVRICKGPRAVFSRILLLFSLTDSMEDEDAACGGQGQLSTVLLVNLGRMEFPSYTINRKTHIFQDRDDLIRYAAATHMLSDISSAMANGNWEEAKELAQCAKRDWNRLKNHPSLRCHEDLPLFLRCFTVGWIYTRILSRFVEILQRLHMYEEAVRELESLLSQRIYCPDSRGRWWDRLALNLHQHLKRLEPTIKCITEGLADPEVRTGHRLSLYQRAVRLRESPSCKKFKHLFQQLPEMAVQDVKHVTITGRLCPQRGMCKSVFVMEAGEAADPTTVLCSVEELALAHYRRSGFDQGIHGEGSTFSTLYGLLLWDIIFMDGIPDVFRNACQAFPLDLCTDSFFTSRRPALEARLQLIHDAPEESLRAWVAATWHEQEGRVASLVSWDRFTSLQQAQDLVSCLGGPVLSGVCRHLAADFRHCRGGLPDLVVWNSQSRHFKLVEVKGPNDRLSHKQMIWLAELQKLGAEVEVCHVVAVGAKSQSLS,1
GLVPRGSHMKVLVAEDQSMLRDAMCQLLTLQPDVESVLQAKNGQEAIQLLEKESVDIAILDVEMPVKTGLEVLEWIRSEKLETKVVVVTTFKRAGYFERAVKAGVDAYVLKERSIADLMQTLHTVLEGRKEYSPELMEMVMTRPNPLTEQEIAVLKGIARGLSNQEIADQLYLSNGTIRNYVTNILSKLDAGNRTEAANIAKESGWL,1
GSQAVQTNGTQPLSKTWELSLYELQRTPQEAITDGLEIVVSPRSLHSELMCPICLDMLKNTMTTKECLHRFCADCIITALRSGNKECPTCRKKLVSKRSLRPDPNFDALISKIYPSGSGSRSALKRINKELSDLARDPPAQCSAGPVGDDMFHWQATIMGPNDSPYQGGVFFLTIHFPTDYPFKPPKVAFTTRIYHPNINSNGSICLDILRSQWSPALTISKVLLSICSLLCDPNPDDPLVPEIARIYKTDRDKYNRISREWTQKYAM,1
SRSYSQRYAKWQAKFNAFSNPTVASTILSNVSPVAQQNFQTNVPKFTSVNENVSAVLTQYGITGPNRAIYQGFGLKVARALNRIGSGPALVNMINGLKGYYISAFNANPQVLDAVVNIITGSPTGYVS,1
MDRKLDEFIGDATPKKVSKEKPVRRKKRLKPTSLDSFLPEEHINYFRDLRIGSKKIRNAKIEEL,1
MSKGFTLEKNLPHQKAGVDAVMNVFVSATPHLTDNVAVRLLANPELKLSEQQYYNNIKNVQAFNGIAHSKDNHNAKSNIIDVSMETGTGKTYTYIKTIFDLNKSFGINKFIIIVPTLSIKAGTVNFLKSDALKEHFRDDYKRELRTYVVESQKNAGKNTKSYMPQAIHDFVEASNFNKKYIHVLVINSGMINSKSLTDTYDTGLLDNQFNTPVDALRAVKPFIIIDEPHRFPTGKKTWENIEKFNAQYIIRYGATFSEGYKNLVYRLTAVDAFNDDLVKGIDAYIEDIVGDGNANLKFVKSDGKEATFELNENNNKKSFKLAKGESLSKTHSAIHDLTLDALNKSTAVLSNGIELKIGSSINPYSYDQTLADNMMRKAVKEHFKLEKELLTQRPRIKPLTLFFIDDIEGYRDGNDISGSLKTKFEEYVLAEANELLKTEQDAFYKNYLEKTVTNISSVHGGYFSKDNSDKDDKIEQEINEILHDKELLLSLDNPRRFIFSKWTLREGWDNPNVFQICKLRSSGSTTSKLQEVGRGLRLPVNEYMCRVKDRNFTLKYYVDFTEKDFVDSLVKEVNESSFKERVPSKFTQELKEQIMAQYPELSSRALMNELFNDEIIDDNDNFKDSDAYSRLKSKYPAAFPIGVKPGKIKKATDGKRRTKMRVGKFSELKELWDLINQKAVIEYKINSESEFLSIFKSFMLEETERFTKSGVHTRIDKIYIHNDMAMSKSIVSDDDDFAKLNTMSYREFLDNLSQTIFVKHGTLHKVFCDIKDTINITEYLNIQTIRKIKSGFSKYLLNNSFNKFSLGYNLISGSIHPTKFTNADGNPLGEVLSSDLGVLQDNAKAPLDTYLFEEVFYDSELERRNITDREIQSVVVFSKIPKNSIKIPVAGGYTYSPDFAYVVKTAEGDYLNFIIETKNVDSKDSLRLEEKRKIEHAQALFNQISQSVKVEFRTQFANDDIYQLIKSALP,1
KSNQENINSLKYKELIAGELMRITHKLLIQKLQQQQPANNNKQINEMDVESNELAEKKEVIIKIQEIAKDQQLYDTLSIQYQVDQKEQYYAKIAQSLEDFVSISALKMVSYIYPNISYQVSIGFFQNILDIATKTVKDRGALGCNYKYLKDKLTKALNLQQISYPLISESYISYLVHLFQDFNIIEIENEHKFYYKQAFQYDDS,1
ASASPKQRRSIIRDRGPMYDDPTLPEGWTRKLKQRKSGRSAGKYDVYLINPQGKAFRSKVELIVYFEKVGDTSLDPNDFDFTVTGRGSPSRHHHHHH,1
GSKKPHPRYQQPPVPYRQIDDCPAKARPQHIFYQQFLGKDGRRDPKCQWEFAVIFWGNDPYGLKKLSQAFQFGGVKAGPVSCLPHPGPDQSPITYCVYVYCQNAATSKKVQMARLEWEASHPLAGNLQSSIVSFDDPLPLT,1
MKKETIFSEVETANSKQLAVLKANFPQCFDKNGAFIQEKLLEIIRASEVELSKESYSLNWLGKSYARLLANLPPKTLLAEDKTHNQQEENKNSQHLLIKGDNLEVLKHMVNAYAEKVKMIYIDPPYNTGKDGFVYNDDRKFTPEQLSELAGIDLDEAKRILEFTTKGSSSHSAWLTFIYPRLYIARELMREDGTIFISIDHNEFSQLKLVCDEIFGEQNHVGDLVWKNATDNNPSNIAVEHEYIIVYTKNKEQLISEWKSNISDVKNLLVNIGEEFASKYTGNELQEKYTQWFREHRSELWPLDRYKYIDKDGIYTGSQSVHNPGKEGYRYDIIHPKTKKPCKQPLMGYRFPLDTMDRLLSEEKIIFGDDENKIIELKVYAKDYKQKLSSVIHLDGRVATNELKELFPEMTQPFTNAKTIKLVEDLISFACDGEGIVLDFFAGSGTTAHTVFNLNNKNKTSYQFITVQLDEPTKDKSDAMKHGYNTIFDLTKERLIRASKKNRDQGFKVYQLMPDFRAKDESELTLSNHTFFDDVVLTPEQYDTLLTTWCLYDGSLLTTPIEDVDLGGYKAHLCDGRLYLIAPNFTSEALKALLQKVDSDKDFAPNKVVFYGSNFESAKQMELNEALKSYANKKSIELDLVVRN,1
GSHMASMSVDDLDGLDGAEKVKTTASEAIPALPRLNPISEEMNLKILAYLGTKQGAKAVHIAQSLGAQRSEVNRHLYRMSEDGRVRKHPQHPVWYLPA,1
GPLEEEEDGEELIGDGMERDYRAIPELDAYEAEGLALDDEDVEELTASQREAAERAMRQRDREAGRGLGR,1
ASYRDKKVMSIGIVKELTGLSERQIRYYEKRSLLFPDRTNTGIRKYSFSDVERLMDIADRIEEGVQTSEIRTELAKKDEARKMKE,1
MGSSHHHHHHSSGLVPRGSHMMFVHIADNHLGYRQYNLDDREKDIYDSFKLCIKKILEIKPDVVLHSGDLFNDLRPPVKALRIAMQAFKKLHENNIKVYIVAGNHEMPRRLGEESPLALLKDYVKILDGKDVINVNGEEIFICGTYYHKKSKREEMLDKLKNFESEAKNYKKKILMLHQGINPYIPLDYELEHFDLPKFSYYALGHIHKRILERFNDGILAYSGSTEIIYRNEYEDYKKEGKGFYLVDFSGNDLDISDIEKIDIECREFVEVNIKDKKSFNEAVNKIERCKNKPVVFGKIKREFKPWFDTLKDKILINKAIIVDDEFIDMPDNVDIESLNIKELLVDYANRQGIDGDLVLSLYKALLNNENWKELLDEYYNTKFRG,1
SATQSKPTPVKPNYALKFTLAGHTKAVSSVKFSPNGEWLASSSADKLIKIWGAYDGKFEKTISGHKLGISDVAWSSDSNLLVSASDDKTLKIWDVSSGKCLKTLKGHSNYVFCCNFNPQSNLIVSGSFDESVRIWDVKTGKCLKTLPAHSDPVSAVHFNRDGSLIVSSSYDGLCRIWDTASGQCLKTLIDDDNPPVSFVKFSPNGKYILAATLDNTLKLWDYSKGKCLKTYTGHKNEKYCIFANFSVTGGKWIVSGSEDNLVYIWNLQTKEIVQKLQGHTDVVISTACHPTENIIASAALENDKTIKLWKSDC,1
GIVKQDSLVINLNRSNPKLKDLYIRPNIAQKRMQGSLEAHVNGFRFTSVRGDKVDILYNNIKHALFQPCDGEMIIVLHFHLKNAIMFGKKRHTDVQFYTEVGEITTDLGKHQHMHDRDDLYAEQMEREMRHKLKTAFKNFIEKVEALTKEELEFEVPFRDLGFNGAPYRSTCLLQPTSSALVNATEWPPFVVTLDEVELIHFERVQFHLKNFDMVIVYKDYSKKVTMINAIPVASLDPIKEWLNSCDLKYTEGVQSLNWTKIMKTIVDDPEGFFEQGGWSFLEPEGE,1
GDSLSIHQLAAQGELDQLKEHLRKGDNLVNKPDERGFTPLIWASAFGEIETVRFLLEWGADPHILAKERESALSLASTGGYTDIVGLLLERDVDINIYDWNGGTPLLYAVRGNHVKCVEALLARGADLTTEADSGYTPMDLAVALGYRKVQQVIENHILKLFQSNLVPADPE,1
MNFFEYCISTYAKIFEETMNAVGDERVSQKKAIRDTMISAMREFPNVEAAEIWKAVYSAHMDRKSGIADPDIIQKVISAENSWKKSSGHAFEEMIKLLGNSSLEEYGMRILLQKDLNMMIENQEIANEPRDINWLKEQISSNVFDLYITVRNNDKEYVFGCIQSKTSIRDRVTRDREPSMKAMEAFFWSVAICLDGDFLKMPKFIAMVNGGTSNYRLNGWHGMYVFWDKPTIDRIYPIDINLELFVQHAREAAEDWLHRRQWFNYEWKAGQK,1
MQRQYHHPLEEGFEERIHTPVGVRSLVEDSHLMKLLRELDKDGFNVDGPLAELVALVNYVTSSQMTMQDLQTHLDYCAEQLRKQTT,1
MGHHHHHHGKIYSFDTLANADLIIDAVYEGGSSGNASDDPISKIIKGIGNMGGFRSAGQGIFKKLIVLYTNMEDGDWPDSIDTSKGQFIYYGDNKHPGHDIHDTPRQGNATLKMLFDSTHNEKDARRIVPPIFIFVKYPTASSSRSVQFKGVAVPGYPGLSATDDLIAVWKTTNGQRFQNYRAIFTILNIPMVSRKWINSLFDPFGQDNSLNPFYQWKISGKADVLIAPSTK,1
AMKSIYDIRRKNLNEIILRDFDDTQLRFAERVKRSQNLVNRWCTGIKNIGPNAARIIEEAARKEKFWLDVDHELDAVQADIFIPATEDGEWTVEKQAAATLNAWMRKDTEMTSEKKVAVAAGIGPATVNRIMKAEVSTTIGVLSSLARAFGHEAYEMIIPVGAPGIIDYDHRMYAALPQEEKNKITSFINFVFEQNKSK,1
MKFRIGELADKCGVNKETIRYYERLGLIPEPERTEKGYRMYSQQTVDRLHFIKRMQELGFTLNEIDKLLGVVDRDEAKCRDMYDFTILKIEDIQRKIEDLKRIERMLMDLKERCPENKDIYECPIIETLMKK,1
GFKDNSPISDTSFSLQLSQDGLQLTPASSSSESLSIIDVASDQNLFQTFIKEWRCKKRFSISLACEKIRSLTSSKTATIGSRFKQASSPQEIPIRDDGFPIKGCDDTLVVGLAVCWGGRDAYYFSLQKEQKHSEISASLVPPSLDPSLTLKDRMWYLQSCLRKESDKECSVVIYDFIQSYKILLLSCGISLEQSYEDPKVACWLLDPDSQEPTLHSIVTSFLPHELPLLEGMETSQGIQSLGLNAGSEHSGRYRASVESILIFNSMNQLNSLLQKENLQDVFRKVEMPSQYCLALLELNGIGFSTAECESQKHIMQAKLDAIETQAYQLAGHSFSFTSSDDIAEVLFLELKLPPNREMKNQGSKKTLGSTRRGIDNGRKLRLGRQFSTSKDVLNKLKALHPLPGLILEWRRITNAITKVVFPLQREKCLNPFLGMERIYPVSQSHTATGRITFTEPNIQNVPRDFEIKMPTLVGESPPSQAVGKGLLPMGRGKYKKGFSVNPRCQAQMEERAADRGMPFSISMRHAFVPFPGGSILAADYSQLELRILAHLSHDRRLIQVLNTGADVFRSIAAEWKMIEPESVGDDLRQQAKQICYGIIYGMGAKSLGEQMGIKENDAACYIDSFKSRYTGINQFMTETVKNCKRDGFVQTILGRRRYLPGIKDNNPYRKAHAERQAINTIVQGSAADIVKIATVNIQKQLETFHSTFKSHGHREGMLQSDQTGLSRKRKLQGMFCPIRGGFFILQLHDELLYEVAEEDVVQVAQIVKNEMESAVKLSVKLKVKVKIGASWGELKDFDV,1
MGSSHHHHHHSSGLVPRGSHMVLDSDARLASDLSLAVMRLSRQLRFRNPSSPVSLSQLSALTTLANEGAMTPGALAIRERVRPPSMTRVIASLADMGFVDRAPHPIDGRQVLVSVSESGAELVKAARRARQEWLAERLATLNRSERDILRSAADLMLALVDESP,1
DTFSERTLGLNSIDNTEISEVVSLGLVSSALDKITGLLSADNLSETVSQARDFSHTLSKSLKSRAKSLSQK,1
GNVGKISLDQIDLLSTKSFPPCMRQLHKALRENHHLRHGGRMQYGLFLKGIGLTLEQALQFWKQEFIKGKMDPDKFDKGYSYNIRHSFGKEGKRTDYTPFSCLKIILSNPPSQGDYHGCPFRHSDPELLKQKLQSYKISPGGISQILDLVKGTHYQVACQKYFEMIHNVDDCGFSLNHPNQFFCESQRILN,1
GAEIDKSDDDDDDDIDTAFDEKVTSSSSSSKPSEASLLAQELAQSHSENRMVRSLHRVLFKNE,0
MAPSRLCVYCADVCPDRLRCAAWLLATGIFLLLAGCSEAKAPTALERVQKEGVLRVITRNSPATYFQDRNGETGFEYELAKRFAERLGVELKIETADNLDDLYAQLSREGGPALAAAGLTPGREDDASVRYSHTYLDVTPQIIYRNGQQRPTRPEDLVGKRIMVLKGSSHAEQLAELKKQYPELKYEESDAVEVVDLLRMVDVGDIDLTLVDSNELAMNQVYFPNVRVAFDFGEARGLAWALPGGDDDSLMNEVNAFLDQAKKEGLLQRLKDRYYGHVDVLGYVGAYTFTQHLQQRLPRYESHFKQSGKQKDTDWRLLAAIGYQESLWQPGATSKTGVRGLMMLTNRTAQAMGVSNRLDPKQSIQGGSKYFVQIRSELPESIKEPDRSWFALAAYNIGGAHLEDARKMAEKEGLNPNKWLDVKKMLPRLAQKQWYAKTRYGYARGGETVHFVQNVRRYYDILTWVTQPQMEGSQIAESGLHLPGVNKTRPEEDSGDEKL,0
MSEQESRDNAAVDAVRQKYGFGFSWLVLMIALPPLVYYLWICVTYYQGELVFTSDAAAWRRFWSHVAPPTWHAAGLYAAWFLGQAALQVWAPGPTVQGMKLPDGSRLDYRMNGIFSFLFTLAVVFGLVTMGWLDATVLYDQLGPLLTVVNIFTFVFAGFLYFWGLNGKQWERPTGRPFYDYFMGTALNPRIGSLDLKLFCEARPGMIFWLLMNLSMAAKQYELHGTVTVPMLLVVGFQSFYLIDYFIHEEAVLTTWDIKHEKFGWMLCWGDLVWLPFTYTLQAQYLVHHTHDLPVWGIIAIVALNLAGYAIFRGANIQKHHFRRDPNRIVWGKPAKYIKTKQGSLLLTSGWWGIARHMNYFGDLMIALSWCLPAAFGSPIPYFHIVYFTILLLHREKRDDAMCLAKYGEDWLQYRKKVPWRIVPKIY,0
GPLGSDFPQHSQHVLEQLNQQRQLGLLCDCTFVVDGVHFKAHKAVLAACSEYFKMLFVDQKDVVHLDISNAAGLGQVLEFMYTAKLSLSPENVDDVLAVATFLQMQDIITACHALKSLARSGGGSSGGSGTADSCIQFTRHASDVLLNLNRLRSRDILTDVVIVVSREQFRAHKTVLMACSGLFYSIFTDQLKCNLSVINLDPEINPEGFCILLDFMYTSRLNLREGNIMAVMATAMYLQMEHVVDTCRKFIKASE,0
HHHHHHVEDATRSDSTTQMSSTPEVVYSSAVDSKQNRTSDFDANWKFMLSDSVQAQDPAFDDSAWQQVDLPHDYSITQKYSQSNEAESAYLPGGTGWYRKSFTIDRDLAGKRIAINFDGVYMNATVWFNGVKLGTHPYGYSPFSFDLTGNAKFGGENTIVVKVENRLPSSRWYSGSGIYRDVTLTVTDGVHVGNNGVAIKTPSLATQNGGNVTMNLTTKVANDTEAAANITLKQTVFPKGGKTDAAIGTVTTASKSIAAGASADVTSTITAASPKLWSIKNPNLYTVRTEVLNGDTVLDTYDTEYGFRWTGFDATSGFSLNGEKVKLKGVSMHHDQGSLGAVANRRAIERQVEILQKMGVNSIRTTHNPAAKALIDVCNEKGVLVVEEVFDMWNRSKNGNTEDYGKWFGQTIAGDNAVLGGDKDETWAKFDLTSTINRDRNAPSVIMWSLGNEMMEGISGSVSDFPATSAKLVAWTKAADSTRPMTYGDNKIKANWNESNTMGDNLTANGGVVGTNYSDGANYDKIRTTHPSWAIYGSETASAINSRGIYNRTTGGAQSSDKQLTSYDNSAVGWGAVASSAWYDVVQRDFVAGTYVWTGFDYLGEPTPWNGTGSGAVGSWPSPKNSYFGIVDTAGFPKDTYYFYQSQWNDDVHTLHILPAWNENVVAKGSGNKVPVVVYTDAAKVKLYFTPKGSTEKRLIGEKSFTKKTTAAGYTYQVYEGTDKDSTAHKNMYLTWNVPWAEGTISAEAYDENNRLIPEGSTEGNASVTTTGKAAKLKADADRKTITADGKDLSYIEVDVTDANGHIVPDAANRVTFDVKGAGKLVGVDNGSSPDHDSYQADNRKAFSGKVLAIVQSTKEAGEITVTAKADGLQSSTVKIATTAVPGTSTEKTVRSFYYSRNYY,0
MSRRPCSCALRPPRCSCSASPSAVTAAGRPRPSDSCKEESSTLSVKMKCDFNCNHVHSGLKLVKPDDIGRLVSYTPAYLEGSCKDCIKDYERLSCIGSPIVSPRIVQLETESKRLHNKENQHVQQTLNSTNEIEALETSRLYEDSGYSSFSLQSGLSEHEEGSLLEENFGDSLQSCLLQIQSPDQYPNKNLLPVLHFEKVVCSTLKKNAKRNPKVDREMLKEIIARGNFRLQNIIGRKMGLECVDILSELFRRGLRHVLATILAQLSDMDLINVSKVSTTWKKILEDDKGAFQLYSKAIQRVTENNNKFSPHASTREYVMFRIPLKSVQKSAAQTSLKKDAQTKLSNQGDQKGSTYSRHNEFSEVAKTLKKNESLKACIRCNSPAKYDCYLQRATCKREGCGFDYCTKCLCNYHTTKDCSDGKLLKASCKIGPLPGTKKSKKNLRRL,0
MRLAVGALLVCAVLGLCLAVPDKTVRWCAVSEHEATKCQSFRDHMKSVIPSDGPSVACVKKASYLDCIRAIAANEADAVTLDAGLVYDAYLAPNNLKPVVAEFYGSKEDPQTFYYAVAVVKKDSGFQMNQLRGKKSCHTGLGRSAGWNIPIGLLYCDLPEPRKPLEKAVANFFSGSCAPCADGTDFPQLCQLCPGCGCSTLNQYFGYSGAFKCLKDGAGDVAFVKHSTIFENLANKADRDQYELLCLDNTRKPVDEYKDCHLAQVPSHTVVARSMGGKEDLIWELLNQAQEHFGKDKSKEFQLFSSPHGKDLLFKDSAHGFLKVPPRMDAKMYLGYEYVTAIRNLREGTCPEAPTDECKPVKWCALSHHERLKCDEWSVNSVGKIECVSAETTEDCIAKIMNGEADAMSLDGGFVYIAGKCGLVPVLAENYNKSDNCEDTPEAGYFAIAVVKKSASDLTWDNLKGKKSCHTAVGRTAGWNIPMGLLYNKINHCRFDEFFSEGCAPGSKKDSSLCKLCMGSGLNLCEPNNKEGYYGYTGAFRCLVEKGDVAFVKHQTVPQNTGGKNPDPWAKNLNEKDYELLCLDGTRKPVEEYANCHLARAPNHAVVTRKDKEACVHKILRQQQHLFGSNVTDCSGNFCLFRSETKDLLFRDDTVCLAKLHDRNTYEKYLGEEYVKAVGNLRKCSTSSLLEACTFRRP,0
MHHHHHHSSGVDLGTENLYFQSMKSKLPKPVQDLIKMIFDVESMKKAMVEYEIDLQKMPLGKLSKRQIQAAYSILSEVQQAVSQGSSDSQILDLSNRFYTLIPHDFGMKKPPLLNNADSVQAKAEMLDNLLDIEVAYSLLRGGSDDSSKDPIDVNYEKLKTDIKVVDRDSEEAEIIRKYVKNTHATTHNAYDLEVIDIFKIEREGECQRYKPFKQLHNRRLLWHGSRTTNFAGILSQGLRIAPPEAPVTGYMFGKGIYFADMVSKSANYCHTSQGDPIGLILLGEVALGNMYELKHASHISKLPKGKHSVKGLGKTTPDPSANISLDGVDVPLGTGISSGVNDTSLLYNEYIVYDIAQVNLKYLLKLKFNFKT,0
GSMAPRAGFDAEQVRDKARKDLLHLLEGVRGKKNLVIEKDLAGPLGVIVKASTLRDYGVDNFFFLENKNTGTSQRNIVFIARGESVRNAHAIAAQIKRIQRESQTSHDFHIFWVPRRTLFSDKVLEEAGVLGDANISELPLYFFPLERDVLSLELNDSFRDLYLAKDPTPVFLLSRALMGIQKKHGLFPRIIGKGENAKRVADLLSRMRQELLAGEEAGESDRAGLSPSTTIESVIIIDREVDFVTPLLTQLTYEGLIDEYFGIQNNQTDVDAVIVGAPAQSAASTSTAVPTNSSQSRKRKIQLDGSDSLYSQLRDANFAIVGSLLNTVARRLKSDYESRHNTKTTAELKEFVKKLPGYQAEQQSLKIHSNIAEEIINYTRTEIFNKLLEVQQNLAAGADPSSQFDSIEELVARDTPLPQVLRLLCLYSCISGGIKTKELDHFRRLVLQGYGHQHLLTLHNLERLQMFLSKSSPLASMITMSGSSGGPDQKTNYTYLRKQLRLIVDEVNEQDPNDIAYVYSGYAPLSIRLVQCVLQKQYLLSITKGSGTVIAAGPVAGGGAQGWKGFEEIVKHARGPTFDEIQKGEDKAVKARALLSGSSGDKKTVFVVFVGGITFTEIAALRFIAKQEEARRNIVICTTSIINGNRMMNAAIETATFEKTTVTTAAAQ,0
SNAALYLTGWTVGSDERLQHYVDLANRTEINAYVVDIKDDDGYVGYESNIPAVREIGAWKSKYNVDKVLKTFHDNNIHVIGRLVCFKDPVLSSKKPELAVKSVNGGSWRDNHNLTWLDPYNKDSWPYLIEIAKEAVEKGFDEIQFDYIRFPNDGSKKSMSFNTGGKEKHEIINEFLAYAREQLPGVVLSADVFGIILESPADTEDIGQYLEKIVKDVDYISPMVYPSHYAVGQ,0
MSKIEKLSILGVRSFGPHHPETIAFNTPLTLIVGYNGSGKTTVIECLKYATTGELPPNSTRNGAFIHDPDLVGEKEVRAQVKLSFRSTIGESYVVTRNIQLLVQRNNKRTQKTLEGSLLLRNNGERTVISTRVAELDKLVSEKLGVPPAILDAVIFCHQDDSLWPMSEPAALKKRFDEIFEAQKYTKVIENIRLLKKKKGDELKILKEREVQDKANKERAEKVDGGAGGAGGELDLKDAKAKYKETHIKVETTKAAIEDLGRGMAAVDHAIMQYHSKMMEQINRTIAELWQSTYQGTDIDTIQIRSDVESTTSSDSGTRRNYNYRVSMVKGDTEMDMRGRCSAGQKVLASIIIRLALAESFCANCGLIALDEPTTNLDSDNIRSLAESLHGIIKARQAQGNLQLIVITHDEEFLKYMQCSDFCDDFYRVKRDEKQNSVIVRESITRITE,0
SLQMVTVGHNIALIQPGFSLMNFDGQVFFFGQKGWPKRSCPTGVFHFDIKQNHLKLKPAIFSKDSCYLPPLRYPATCSYKGSIDSDKHQYIIHGGKTPNNELSDKIYIMSVACKNNKKVTFRCTEKDLVGDVPEPRYGHSIDVVYSRGKSMGVLFGGRSYMPSTQRTTEKWNSVADCLPHVFLIDFEFGCATSYILPELQDGLSFHVSIARNDTVYILGGHSLASNIRPANLYRIRVDLPLGTPAVNCTVLPGGISVSSAILTQTNNDEFVIVGGYQLENQKRMVCSLVSLGDNTIEISEMETPDWTSDIKHSKIWFGSNMGNGTIFLGIPGDNKQAMSEAFYFYTLRC,0
MAKTYIFGHKNPDTDAISSAIIMAEFEQLRGNSGAKAYRLGDVSAETQFALDTFNVPAPELLTDDLDGQDVILVDHNEFQQSSDTIASATIKHVIDHHRIANFETAGPLCYRAEPVGCTATILYKMFRERGFEIKPEIAGLMLSAIISDSLLFKSPTCTQQDVKAAEELKDIAKVDIQKYGLDMLKAGASTTDKSVEFLLNMDAKSFTMGDYVTRIAQVNAVDLDEVLNRKEDLEKEMLAVSAQEKYDLFVLVVTDIINSDSKILVVGAEKDKVGEAFNVQLEDDMAFLSGVVSRKKQIVPQITEALTKLEHHHHHH,0
MHHHHHHSSGLVPRGSGNAFAQSLSSNLLSSGDFVQMISSTTSTDQAVSVATSVAQNVGNQLGLDANAMNSLLGAVSGYVSTLGNAISDASAYANAISSAIGNVLANSGSISESTASSAASSAASSVTTTLTSYGPAVFYAPTSSAGG,0
MAYVPLSGTNVRILADVPFSNDYKNTRWFTSSSNQYNWFNSKSRVYEMSKVTFMGFRENKPYVSVSLPIDKLYSASYIMFQNADYGNKWFYAFVTELEFKNSAVTYVHFEIDVLQTWMFDIKFQESFIVREHVKLWNDDGTPTINTIDEGLSYGSEYDIVSVENHKPYDDMMFLVIISKSIMHGTPGEEESRLNDINASLNGMPQPLCYYIHPFYKDGKVPKTYIGDNNANLSPIVNMLTNIFSQKSAVNDIVNMYVTDYIGLKLDYKNGDKELKLDKDMFEQAGIADDKHGNVDTIFVKKIPDYEALEIDTGDKWGGFTKDQESKLMMYPYCVTEITDFKGNHMNLKTEYINNSKLKIQVRGSLGVSNKVAYSVQDYNADSALSGGNRLTASLDSSLINNNPNDIAILNDYLSAYLQGNKNSLENQKSSILFNGIMGMIGGGISAGASAAGGSALGMASSVTGMTSTAGNAVLQMQAMQAKQADIANIPPQLTKMGGNTAFDYGNGYRGVYVIKKQLKAEYRRSLSSFFHKYGYKINRVKKPNLRTRKAFNYVQTKDCFISGDINNNDLQEIRTIFDNGITLWHTDNIGNYSVENELRHHHHHH,0
MGSHHHHHHTQPMPGKPAEDAENELDIRGLFRTLWAGKLWIIGMGLAFALIALAYTFFARQEWSSTAITDRPTVNMLGGYYSQQQFLRNLDVRSNMASADQPSVMDEAYKEFVMQLASWDTRREFWLQTDYYKQRMVGNSKADAALLDEMINNIQFIPGDFTRAVNDSVKLIAETAPDANNLLRQYVAFASQRAASHLNDELKGAWAARTIQMKAQVKRQEEVAKAIYDRRMNSIEQALKIAEQHNISRSATDVPAEELPDSEMFLLGRPMLQARLENLQAVGPAFDLDYDQNRAMLNTLNVGPTLDPRFQTYRYLRTPEEPVKRDSPRRAFLMIMWGIVGGLIGAGVALTRRCSK,0
SNAPDAGPSTGPSGSPDMQPMATTAPLPEAPATCDLAALPARDKLAQLLTVGVTDAADARAVVADHHVGGIMIGSWTDLSMLTDGSLGDIAASAAPLPLAVSVDEEGGRVSRLASLIGSQPSARELARTKTADEVYGIALDRGRKMRDLGVTVDFAPVVDVTDAAADTVIGDRSFGSDPAVVTEYAGAYARGLRDAGVLPVLKHFPGHGHASGDSHTGGVTTPPLDVLMGDDLVPYRTLTGQAPVAVMVGHMQVPGLTGSDPASLSPAVYNLLRSGGYGGPGFGGLVYTDDLSSMGAINQRYGVADAVLRALQAGADNALWITTAEVPAVLDRLEQALASGELNQGAVDASLQRNAAVKGPLRCG,0
MMSREKAAGTFFKDYQKKNVMRLLQDSLEKIINEWLKTDDESHTKLKSLQELSEMDINATSFAEHSPLPDFVTRLWLDPHKALDAMDKNISKNEIRKLIKETAREIELVFTHQKAPDYS,0
SNAMADTLLELPDDFSRVLAIVAHPDDIEFGAGPAVAQWTAQGREVAYLLVTRGEAGISDLEPAQCGPVREAEQRKAAAELGVHEVDFLDHYNDGTIEYGPGLRRDLARAVRRHRPELIVTFNHHDTWASGAWNTPDHRAVGLAALDAVADAANRWIFPELLDEGLEPWRAGKVAIAGSPHATHAVAVDDDSRDRAVRSLAAHDRYLGSLSDDPPQERARFILGHLLAATAPRFGGRDGVAFQIVG,0
MPFITVGQENSTSIDLYYEDHGTGTPVVLIHGFPLSGHSWERQSAALLDAGARVITYDRRGFGQSSQPTTGYDYDTFAADLNTVLETLDLQDAVLVGFSMGTGEVARYVSSYGTARIAAVAFLASLEPFLLKTDDNPDGAAPQEFFDGIVAAVKADRYAFYTGFFNDFYNLDENLGTRISEEAVRNSWNTAASGGFFAAAAAPTTWYTDFRADIPRIDVPALILHGTGDRTLPIENTARVFHKALPSAEYVEVEGAPHGLLWTHAEEVNTALLAFLAKAQEAQKQKLLTEVETYVLSIIPSGPLKAEIAQRLEDVFAGKNTDLEVLMEWLKTRPILSPLTKGILGFVFTLTVPSERGLQRRRFVQNALNGNGDPNNMDKAVKLYRKLKREITFHGAKEISLSYSAGALASCMGLIYNRMGAVTTEVAFGLVCATCEQIADSQHRSHRQLEHHHHHH,0
MPVEKDLKTAYKALYDEKEPLKALHLYDEILKGSPTNLTALIFKAACLEKLYFGFSDWHSDATMENAKELLDKALMTAEGRGDRSKIGLVNFRYFVHFFNIKDYELAQSYFKKAKNLGYVDDTLPLWEDRLETKLNKKNKKQKDSTNKHT,0
MSQDSNAKINYLLNIINSQRKPPIINNPSISSNTNRVRTKTKTRTRTSPNSKTKIKTKTMNTMKTNNRNSILTETEELFTNESQIIESFNSNCTIVDSNSDFHDKLHVYKSPIIDITKYFSPTVESQMDLELIILNEYYLKTHQHHQEQQNDEDEDEDEDDELNYFYIDAHLKYILSSLIDPMPSGYQVLDVNHSWMIYWLLNSYYLIQNPTMEINQSILDLIVNKITKCINYGDSLSGVPFDGIGGGNNQLGHLASTYAAILTLILTDQYELLDNLRELIRDWLLTLKKRSSCGSGASFIMHENGEMDARSTYCALIIINLLNLTNYEENSSSPEELDPLIDGVENWLNSCQTYEGGFSNIPNTEAHGGYTYCALASYFLLYDNRKQFSSGSTSSLSNSVCWEKLLEWSVHRQHELEGGVDGRTNKLVDACYGFWIGGLSPLLQLIIMNSSQGQGQQQEVKVFDEEKLRQYLLIIAQDESGGFKDKPGKQVDYYHTNYSLSGLSILEHSYKFSQDDEGRSLAFQIDVEREEEEEGGGGGGGGGGGDNFTNPIHPVFGIPIKFVKKCHDYFKLKPISKPKKRAEQKR,0
MGSSHHHHHHSSGLVPRGSHMPTLGKDTLQYTATVAAPAPLVFDLVAGLENWPQFHGPSVHAEPLGRRDGAEEFQHWWVIDDRTVRTWRARWRFDSQALRIGYTYDPAEPAAPAQHGEWTFRRLSDASTEVRVEYELLGDEGDAALADRELRELVDCVTDAAERHEERRDLVVDFEDPLFVAGAVDDAYTYLYEADKWPERIPHVARLVMEERVPNIQFFDMDTTTPDGSAHTTRSVRVCLPGDKIVYKQIQLPKLLTGHTGHWKFTPTREGFVLGARHTATIKPSALPILGEGTTVLDARKYLRRVLSANSMGNLRLAKAFAEERAGV,0
DNQKALEEQMNSINSVNDKLNKGKGKLSLSMNGNQLKATSSNAGYGISYEDKNWGIFVNGEKVYTFNEKSTVGNISNDINKLNIKGMYIEIKQI,0
MHHHHHHSSGVDLGTENLYFQSMENKKFRIALIPGLTTDAFYITMHKGAEAAAAAIGAQIIFQGAPDFNPVTQVPVLDAVIAKKPDAILIAPTDTTQLVQPLKKAADAGIPMITVDTFIGTGDYQTGAGDGDFPLSYIASDNVLGGEIAARSLALAIGDKGKVYVSNVKPGVSTTDQREQGFKSEMAKHPGITVLETQFNDNDANKAASQLQAVYARNPDLAGVFGANLFSGLGSANGVQQAGQSGTIKVVAFDAPGSVVDNLKSGLIDFAIAQHPAEIGYYGVISAYAHLTGQSIPTKIGTGFTVINKSNVTDPAVARFIYAE,0
GSSHHHHHHSSGLVPRGSHMPDVDRFGRLPWLWITVLVFVLDQVSKAFFQAELSMYQQIVVIPDLFSWTLAYNTGAAFSFLADSSGWQRWLFALIAIVVSASLVVWLKRLKKGETWLAIALALVLGGALGNLYDRMVLGHVVDFILVHWQNRWYFPAFNLADSAITVGAVMLALDMFRSKKSGEAAHG,0
MAHHHHHHDMAGVKALVTAGGTREPLDPVRFIGNRSSGKQGYAVARVLAQRGADVTLIAGNTAGLIDPAGVEMVHIGSATQLRDAVSKHAPDANVLVMAAAVADFRPAHVAAAKIKKGASEPSSIDLVRNDDVLAGAVRARADGQLPNMRAIVGFAAETGDANGDVLFHARAKLERKGCDLLVVNAVGENRAFEVDHNDGWLLSADGTESALEHGSKTLMATRIVDSIAAFLKSQDG,0
GPLGSFTSEKGVVEEWLSEFKTLPETSLPNYATNLKDKSSLVSSLYKVIQEPQSELLEPVCHQLFEFYRSGEEQLLQFTLQFLPELIWCYLAVSASRNVHSSGCIEALLLGVYNLEIVDKQGHTKVLSFTIPSLSKPSVYHEPSSIGSMALTESALSQHGLSKVVYSGPHPQREMLTAQNRFEVLTFLLLCYNAALTYMPSVSLQSLCQICSRICVCGYPRQHVRKYKGISSRIPVSSGFMVQMLTGIYFAFYNGEWDLAQKALDDIIYRAQLELYPEPLLVANAIKASLPHGPMKSNKEGTRCIQVEITPT,0
MLSQIAICIWVESTAILQDCQRALSADRYQLQVCESGEMLLEYAQTHRDQIDCLILVAANPSFRAVVQQLCFEGVVVPAIVVGDRDSEDPDEPAKEQLYHSAELHLGIHQLEQLPYQVDAALAEFLRLAPVETMADHIMLMGANHDPELSSQQRDLAQRLQERLGYLGVYYKRDPDRFLRNLPAYESQKLHQAMQTSYREIVLSYFSPNSNLNQSIDNFVNMAFFADVPVTKVVEIHMELMDEFAKKLRVEGRSEDILLDYRLTLIDVIAHLCEMYRRSIPRETHHHHHH,0
MAELTKITRGMQNGAETINDNLNKLNTITVQKTGDETIAGKKTFSGDVSVDGDFTMKKFADSYVAFFANKGSGNTVTFTAPWDCTAEVELFYHGWGYSGGEWEIGITTPSGLTQIYEATGYTNGHDNQAISMPTKAIYSGLKKGLQYTFDIRDANGRGGGPKHPMMIVKLYRNA,0
MHHHHHHSSGVDLGTENLYFQSMPNVQQSAGQVLVVADDFTGANDAGVGLAQHGARVSVVFDVNTLHADLLGDAVVINTDSRAARDDVASQRTAAAVAAWQAVGGKGWIIKKIDSTLRGNLGAEVAAALSAADVPVALIAAASPTLGRVTRQGEVWVNGRRLTDTEFASDPKTPVTSASIAARLAEQTALPVAEIHLDEVRQANLAHRLQQLADEGTRLIILDTDVQDDLTHIVNAARALPFRPLLVGSAGLSDALATAQDFTRKTEKPLLAVVGSMSDIAQKQIAAARLRSDVTLVEIDINALFSPDSSTVMASQCEDALKALTNGHHCIIRTCHNENQRFEIDARCRELGLSRQQLGETISHYLGELTRSIVQALDSLAADGTRRRLPGGLYLSGGDIAIAVATALGATGFQIKGQIASCVPWGYLLNSIVGMTPVMTKAGGFGNETTLLDVLRFIEEKVSE,0
SSGVFELKLQEFVNKKGLLGNRNCCRGGAGPPPCACRTFFRVCLKHYQASVSPEPPCTYGSAVTPVLGVDSFSLPDGGGADSAFSNPIRFPFGFTWPGTFSLIIEALHTDSPDDLATENPERLISRLATQRHLTVGEEWSQDLHSSGRTDLKYSYRFVCDEHYYGEGCSVFCRPRDDAFGHFTCGERGEKVCNPGWKGPYCTEPICLPGCDEQHGFCDKPGECKCRVGWQGRYCDECIRYPGCLHGTCQQPWQCNCQEGWGGLFCNQDLNYCTHHKPCKNGATCTNTGQGSYTCSCRPGYTGATCELGIDECDPSPCKNGGSCTDLENSYSCTCPPGFYGKICELSAMTCADGPCFNGGRCSDSPDGGYSCRCPVGYSGFNCEKKIDYCSSSPCSNGAKCVDLGDAYLCRCQAGFSGRHCDDNVDDCASSPCANGGTCRDGVNDFSCTCPPGYTGRNCSAPVSRCEHAPCHNGATCHQRGHGYVCECARSYGGPNCQFLLPELPPGPAVVDLTEKLEGQGGPFPWENLYFQ,0
MAGSLSWVTGRGLWGQLPLTCRSFSLGIPRLFHVRVTLPPRKVVDRWNEKRAMFGVYDNIGILGNFEKHPKELIKGPIWLRGWKGNELQRCIRKKRMVGNRMFIDDLHNLNKRISYLYKHFNRHGKYR,0
MSEEEVDKVYRRLNQEVEKSGYHLNPDVEFTKELVRGLLANERRYGYWSCPCRLSADNKEEDLDIICPCYYRDPDLNDYGACYCALYVSDEVIRGEKEVESIPERRPPREKREAIRAEEASRAEMMETMEFTGKLSKPVWRCKVCGYLCAMDEAPGVCPICKARKERFERFMH,0
GSHMASASMKFAVIDRKNFTLIHFEIEKPIKPEILKEIEIPSVDTRKGVVISGRGPMWMHCFLAHKYHHTPFVAVYDPRLGAVVVQSHSELREGDVIDVVVEEILKGGVRHV,0
MAVKEDKQTDGDRWRGLAYDTSDDQQDITRGKGMVDSVFQAPMGTGTHHAVLSSYEYVSQGLRQYNLDNMMDGFYIAPAFMDKLVVHITKNFLTLPNIKVPLILGIWGGKGQGKSFQCELVMAKMGINPIMMSAGELESGNAGEPAKLIRQRYREAADLIKKGKMCCLFINDLDAGAGRMGGTTQYTVNNQMVNATLMNIADNPTNVQLPGMYNKEENARVPIICTGNDFSTLYAPLIRDGRMEKFYWAPTREDRIGVCKGIFRTDKIKDEDIVTLVDQFPGQSIDFFGALRARVYDDEVRKFVESLGVEKIGKRLVNSREGPPVFEQPEMTYEKLMEYGNMLVMEQENVKRVQLAETYLSQAALGDANADAIGRGTFYGGSAWSHPQFEK,0
SNAMIKQLFTHTQTVTSEFIDHNNHMHDANYNIIFSDVVNRFNYSHGLSLKERENLAYTLFTLEEHTTYLSELSLGDVFTVTLYIYDYDYKRLHLFLTLTKEDGTLASTNEVMMMGINQHTRRSDAFPESFSTQIAHYYKNQPTITWPEQLGHKIAIPHKGALK,0
MSNKERFLTLYHQIKSDANGYFSPEGIPYHSIETLICEAPDYGHMTTSEAYSYWLWLEVLYGHYTRDWSKLEAAWDNMEKYIIPVNEDGNDEQPHMSAYNPSSPATYASEKPYPDQYPSQLSGARPAGQDPIDGELKSTYGTNETYLMHWLLDVDNWYKYGNLLNPSHKAAYVNTFQRGQQESVWEAIPHPSQDDKSFGKPNEGFMSLFTKENQVPAAQWRYTNATDADARAIQAIYWAKELGYNNSTYLDKAKKMGDFLRYGMYDKYFQTIGSGKQGNPYPGNGKGACHYLMAWYTSWGGGLGDYANWSWRIGASHCHQGYQNPVAAYALSSDKGGLKPSSATGASDWEKTLKRQLEFYVWLQSKEGAIAGGATNSWNGDYSAYPAGRSTFYDMAYEDAPVYHDPPSNNWFGMQAWPMERVAELYYIFVKDGDKTSENVQMAKSCITKWVNYALDYIFIGSRPVSDEEGYFLDDQGRRILGGTNATVATTSAPGEFWLPGNIAWSGQPDTWNGFQSATGNPNLTAVTKDPTQDTGVLGSLVKAFTFFAAATKLETGNYTALGVRAKDAAAQLLEVAWNYNDGVGIVTEEEREDYDRFFKKEVYFPNGWNGTFGQGNQIPGSSTIPSDPQRGGNGVYTSFADLRPNIKQDPAWSSLESKYQSSFNEATGKWENGAPVFTYHRFWSQVDMATAYAEYHRLINLEHHHHHH,0
MDAMEVVGTIDHRDREEFRSRGFAILPQVASESEVAWLRQAYDRLFVRRATPGAEDFYDIAGQRDREGPPLLPQIIKPEKYVPELLDSPHFARCRSIASAFLDMAEEELEFYGHAILKPPRYGAPTPWHQDEAYMDPRWRRRGLSIWTTLDEATVESGCLHYLPGGHRGPVLPHHHIDNDDRIRGLMTDDVDPTSAVACPLAPGGAVVHDFRTPHYAGPNLTDQPRRAYVLVFMSAPAEVADPEPRPWMDWG,0
MHHHHHHSSGVDLGTENLYFQSMAQTKGMVYYLVPTLLDEFQTGSVNALSMFLGQVGYEMKTLNADNKTDAQQSQMNDVIALKPAAIILAAVDFNALKPSIEAARAAGIPVVEFDRQITSTPSDFTSVAGTVEIGHIAGDHAISLLKGKNGDVKGKILQVPGDPGDPYTLDIQKGFEEKIKAFPGVKIISVPAVQWEASAAGTIVSDQMLANPDIDLIFLHAAHLSVAAVASLEAAGKKPGDVMLMSSNGAPVGLDLIRKGWLNVEVEQPLYAQAAAIAMFMDKVVGKKPIKAGDYDVLGLKSVVTMETWGPNIKIPGSAITKENVDNPSFWGNLKPPTAAIKSVE,0
ENMAVQSPKKHVFDAVIKAYKDNSDEESYATVYIKDPKLTIENGKRIITATLKDSDFFDYLKVEDSKEPGVFHDVKVLSEDKRKHGTKVIQFEVGELGKRYNMQMHILIPTLGYDKEFKIQFEVNMRTFV,0
MVGLNVLVSGCGRLLRGLLAGPAATSWARPPSRGFREVVEILDGKTTIIEGRITETPQESPNPPNPTGQCPICRWNLKHKYNYEDVLLLSQFIRPHGGMLPRRITGLCQEEHLKIEECVKMAHRAGLLPNHRPKLPEGFVPKSKPRLNRYLTRWSPRSVKPIYNKGHRWNKVRMPVGSPLLKDNVSYSGRPLLLYH,0
GTDSQLAQWASTRFRSFKRASTLNQQQATLKRKAPVDPNTAFYFNKDPIKESLIEMEAKLSKKAIKNFSEIMMWMGDYPIPKGQTASLVIQSIISRGIENHELRDEIYCQAYRQTNKNPKVESAKKGFELIYFLSITFSPSDSLLQPFMEQLMSRNIAIQSSSPQLASLIAVCIEKLESHPIPSYQQRKMGPSATEIQSFRSNLENGDISTCKIRFIDQSTKLAKINTYTTIREITDTVCRQYGISQQSIKMFGISAVNETAGISKVVSETDMIYDVLARWEQSEEKGEFYFQVRRRFFLDDVNKILDQEHLWTDDDICFELTYCQIRDEWMKGLYTNVNEKDSSIIAAILIQLLYPNQSKLVLTKEVVRQVLPDQILNSQNIKVWISMIESQIFELVSQTPEYLKLMFINLIGSKSPLFGCTLFNIQQKENPPKAWLAINKKGVSIFDPHTKESKNFWTFQSISNVAFTDDTFCIMTGNLMKPIKQTFTTDEHSSIASVYQFYSSQ,0
MHHHHHHSSGLVPRGSGMKETAAAKFERQHMDSPDLGTDDDDKMGFLSGKRILVTGVASKLSIAYGIAQAMHREGAELAFTYQNDKLKGRVEEFAAQLGSDIVLQCDVAEDASIDTMFAELGKVWPKFDGFVHSIGFAPGDQLDGDYVNAVTREGFKIAHDISSYSFVAMAKACRSMLNPGSALLTLSYLGAERAIPNYNVMGLAKASLEANVRYMANAMGPEGVRVNAISAGPIRTLAASGIKDFRKMLAHCEAVTPIRRTVTIEDVGNSAAFLCSDLSAGISGEVVHVDGGFSIAAMNELELK,0
KEQTSFNNPEPMTGFEHTVTFDFQGTKMVIPYGYLARYTQDNATKWLSDTPGQDAYSINLIEISVYYKKTDQGWVLEPYNQQNKAHFIQFLRDGLDSVDDIVIRKDACSLSTTMGERLLTYGVKKMPSAYPEYEAYEDKRHIPENPYFHEFYYIKKGENPAIITHRNNRINQTEEDSYSTSVGSCINGFTVQYYPFIREKQQLTQQELVGYHQQVEQLVQSFVNNSNKKENLYFQGLEHHHHHH,0
GKAKAEKVECALKGGIFRGTLPAADCPGIDTTVTFNADGTAQKVELALEKKSAPSPLTYRGTWMVREDGIVELSLVSSEQSKAPHEKELYELIDSNSVRYMGAPGAGKPSKEMAPFYVLKKT,0
MGSSHHHHHHSSENLYFQGHMASDYLDVVPPEQPNIDDAMSSPTRALGFLYSCYGGVSTDLPSAYLGEINSTTDEYVLPYSWNTDGYWGAYAFNTASSTNQDWLWGTTYQYIGQCYLFLQKLENAGSDIASDAEKEQWRAECQFLVAYYHFATLRRYGPIPITDSYIPMDTPTSEYNGRFHFDYCVDWIANQLDEAAKVLPANRTVTNEWGRATSTIAKAVKARLLLYAASPLWNGSFPYPNWQNENFETPGYGKALVSNTYDKSKWERALAACQEALTLATTSGDRELYDDDEYYSRQSLNLPFVPGVADVEDNKEFLKNVMKMRYAVSTRESEGNKEIIWGLSNQFDFYSRYPLRILKKSDGTWHAGYSGVSPTLYTFEHFYTANGKLPEKDLDFTPSSEWFESAGISSREDIIKLNVGREPRFYAWMAFDGGDYGTKFAAGSPLKLEMRNSEMHGYNPSLFNRDHSVTGFLTQKFVDPVTEFYTAGGSTSGTSAPTILFRLAELYLNVAECHAALGNTQEAIDALNPVRERAGIPKLTLADITNNMTIKDWVHNERFVELWNEGHRFFDVRRWAEGAKYFGANKREGLNAEVQSPTFEEFNKRTTVDAPYVWENRMYLNPVFYNEVYKNPQMVQAPGY,0
EARPKIGLVLSGGAARGLAHIGVLKALDEQGIQIDAIAGTSMGAVVGGLYASGYTPAELERIALEMDWQQALSDAPPRKDVPFRRKQDDRDFLVKQKISFRDDGTLGLPLGVIQGQNLAMVLESLLVHTSDNRDFDKLAIPFRAVSTDIATGEKVVFRKGHLPQAIRASMSIPAVFAPVEIDGRLLVDGGMVDNIPVDVARDMGVDVVIVVDIGNPLRDRKDLSTVLDVMNQSITLMTRKNSEAQLATLKPGDVLIQPPLSGYGTTDFGRVPQLIDAGYRATTVLAARLAELRKPKDLNSEALDVARTPNQRKP,0
SNAKPSLNYHTKNLSELVSKNNIKIRLLDMNIYSEVIVDNEDVRIIDDLLKSLKDSNFINEEALPNKPLYKIFIDLNSEKYVIDIYGDDLITLYPWDSDVRKDYLSLKDIPNSFKLEPFCQYVFNKKQ,0
APLLESQRSNSEEKANFCSTHNDEVYARFRLQMRVGVRHSPLYTPSNMCMLDIEDSVEDIEESTEKEYASTATGEAAGVNVSVALVGEGVSIPFSYIGLGFNPSLEDSYLYVNVSSRAPWVKQTSDLSANGGWGIKQVLEKELLAIQIGCDNQKFPEEPTTTPPSPVTTTLSSTTPDLNEENTENTPTTTGASVDRKRNPADIDFSLLVDPRCVTSVDLHVELRDACIDYKQESPLSLKGKYGDGELVKKEIKDVGKNHNMCSLNLNPGNENLYFQ,0
MEPVKCNLCYECIESDELRANCPFTDCNSINHLTCLASSFLTEECQVLPIEGMCTKCKRVLRWREFLSTVFTT,0
VPPPLTPVADVVRPSAAEEARTIAASTNVGTLATLTTEGDPWASFVTYGLLGGAPVLCVSDMAEHGRNLAHDPRASIAIVAPSAESDPLASARVTLAGVAERPEGDELAAARAAHLDAVAAAKYYIDYSDFSVWVLRVQRVRWVGGYGRMDSTTGEAYAAAEADPVTPRAAGAIAHLNADHADSLLAMARNLGGYPDTGEAVCTGADRYGLDLRVTTERGVAYTRVGYAAPISSFDQLRAATVELAQRAKQS,0
GQDAKESEVRKVDAFSSIEITSVGTIHFTQSDTYSFRIEGREKYVKNTETTVKDGRLLIGFKDKKNKSRRNQKDGVTIWISAPDLKEVEFTGVGEFNCEKPLKLDEVSFEVKGVGEVNVADLTCNVLKVALRGVGSADIHVVCDYLSAQMGGVGSVTLSGSAGRADISKGGIGGVNTDNLKIGR,0
MGSSHHHHHHSSGLVPRGSHMTLAKVFSQKLRELGISSIYIGHERPSLQSLAIKMLLKNYGLVEERREGMLITQDHGIKLISGKGTETSRYTFRKGGKKVSIHLPEYPKMVIDLGLFEFLNEEEKEKTLLQVDLCLSVIRKFLWDGNLTVVGKADYVLGRANIVQSLSLSDEDNPVILDPYGDVVATDQILRDHNVFVIGGIVDKGRRLDRATERLALSRGYSFPRVKIQLRGSIIGVPDEINKILEIILRVKELDQSLEEAIISLQSKSDKISRLLHDVQLYGMEVLEEEARWLRADDKVIEIVRSRLGKN,0
MLGAVKMEGHESSDWNSYYADTQEAYSSVPVSNMNSGLGSMNSMNTYMTMNTMTTSGNMTPASFNMSYANPGLGAGLSPGAVAGMPAGSAGAMNSMTAAGVTAMGTALSPGGMGAMGAQPAASMNGLGPYAAAMNPCMSPMAYAPSNLGRSRAGGGGDAKTFKRSYPHAKPPYSYISLITMAIQQAPSKMLTLSEIYQWIMDLFPYYRQNQQRWQNSIRHSLSFNDCFLKVPRSPDKPGKGSFWTLHPDSGNMFENGCYLRRQKRFKCEKQLALKEAGAPGAGAGGKKAAAVGAQASQAQLGEVAGPAPDTPAGTESPHSSASPCQEHKRVALGELKGSAAGAALSPPEPAPSPGQQQQQQPGAEPPPEEEPPRPAGAEDAAAEAAAEAGPEPDVRAEPAEAQEAASSPAEPPATLPAEQGEAPREQARDEPAPASEAEGSAAEAEPRAVENGDADEPSFSDPEDFVDDVSEEELLGDVLKDRPQEADGIDSVIVVDNVPQVGPDRLEKLKNVIHKIFSKFGKITNDFYPEEDGKTKGYIFLEYASPAHAVDAVKNADGYKLDKQHTFRVNLFTDFDKYMTISDEWDIPEKQPFKDLGNLRYWLEEAECRDQYSVIFESGDRTSIFWNDVKDPVSIEERARWTETYVRWSPKGTYLATFHQRGIALWGGEKFKQIQRFSHQGVQLIDFSPCERYLVTFSPLMDTQDDPQAIIIWDILTGHKKRGFHCESSAHWPIFKWSHDGKFFARMTLDTLSIYETPSMGLLDKKSLKISGIKDFSWSPGGNIIAFWVPEDKDIPARVTLMQLPSRQEIRVRNLFNVVDCKLHWQKNGDYLCVKVDRTPKGTQGVVTNFEIFRMREKQVPVDVVEMKETIIAFAWEPNGSKFAVLHGEAPRISVSFYHVKSNGKIELSKMFDKQQANTIFWSPQGQFVVLAGLRSMNGALAFVDTSDCTVMNIAEHYMASDVEWDPTGRYVVTSVSWWSHKVDNAYWLWTFQGRLLQKNNKDRFCQLLWRPRPPTLLSQEQIKQIKKDLKKYSKIFEQKDRLSQSKASKELVERRRAMMEDFRKYGKAAQELYVGQKNERLELRGGVDTDELDSNVDDWEEETIEFFVTEEVIPLGSQE,0
GAMGMVSLVVPDLDVLRRWLDQQSITWFECDSCQALHLPHMQNFDGVFDAKIDLMDGVILFSALAEVKPTALIPLAGDLSQINASSLTVKAFLDIQDDNLPKLIVCQSLSAAAGLTYGQFVHFMKESEEQISMIVMEAFANHLLMIAEDEERPPMITSHSLLH,0
GWKQQQIPQIKSNQENINTLKYKELIAGELMRITHKLLIQKLQQQQPANNNKQINEMDVESNELAEKKEVIIKIQEIAKDQQLYDTLSIQYQVDQKEQYYAKIAQSLEDFVSISALKMVSYIYPNISYQVSIGFFQNILDIATKTVKDRGALGCNYKYLKDKLTKALNLQQISYPLISESYISYLVHLFQDFNIIEIENEHKFYYKQAFQYDDS,0
SMESVVTVYSIDGLHDGDNSWYQVQFDAFTKATGITVRYVEGGGGVVVERLAKERTNPQADVLVTAPPFIQRAAAEKLLANFNTDTASAIPDANNLYSPLVKNYLSFIYNSKLLKTAPASWQDLLDGKFKNKLQYSTPGQAADGTAVMLQAFHSFGSKDAGFAYLGKLQANNVGPSASTGKLTALVNKGEIYVANGDLQMNLAQMERNPNVKIFWPANDKGERSALAIPYVIGLVQGAPQSENGKKLINFLLSKEAQTRVSELSWGMPVRSDVTPSDEHYKAATAALEGVQSWQPNWDDVAVSLSADISRWHKVTESE,0
MAERQGAGATNGKDKTSGENDGQKKVQEEFDIDMDAPETERAAVAIQSQFRKFQKKKAGSQS,0
MGSSHHHHHHSSGLEVLFQGPAAEIPLKYGATNEGKRQDPAMQKFRDNRLGAFIHWGLYAIPGGEWNGKVYGGAAEWLKSWAKVPADEWLKLMDQWNPTKFDAKKWAKMAKEMGTKYVKITTKHHEGFCLWPSKYTKYTVANTPYKRDILGELVKAYNDEGIDVHFYFSVMDWSNPDYRYDIKSKEDSIAFSRFLEFTDNQLKELATRYPTVKDFWFDGTWDASVKKNGWWTAHAEQMLKELVPGVAINSRLRADDKGKRHFDSNGRLMGDYESGYERRLPDPVKDLKVTQWDWEACMTIPENQWGYHKDWSLSYVKTPIEVIDRIVHAVSMGGNMVVNFGPQADGDFRPEEKAMATAIGKWMNRYGKAVYACDYAGFEKQDWGYYTRGKNDEVYMVVFNQPYSERLIVKTPKGITVEKATLLTTGEDITVVETTRNEYNVSVPKKNPGEPYVIQLKVRAAKGTKSIYR,0
MHHHHHHSSGVDLGTENLYFQSMLDIPRIFTITESAHRIHNPITPEKLTTLGAALRLEPGTRVLDLGSGSGEMLCTWARDHGIIGTGIDMSQLFTAQAKLRAEELGVADRVTFIHGDASGYVSDDKAGVAACVGATWIGGGVAGTIELLARSLRPGGIILIGEPYWRQVPPTEDVARGCLANSTSDFLMLPELLASFGRLGYDVVEMVLADQDGWDRYEAAKWLTMRRWLEANPDDELAKEVRAQLTSEPGRYASYTREYLGWGVFALMPR,0
MSGSSEQELAAIVRDLGCGPYFLGTHDKRFPGFLAGNKLACAIVNTAGRETGGVHWLAFGWNPRSRTCYMFDPFGFSDRRLKQIYSFEYEAMLRRSALALSPDRCLSLEQSTQTVQGPDSAACGLFCCMFLHAFVHWPDRPMDGNPTMNLLTGVPNGMLQSPQVLPTLRRNQEKLYRFLAHHSPYFRSHRAAIEHATAFDKMKQL,0
GSSTQIGGMSLDQARTQLAPWTQRAAPIGADEYQQRIERARVLMRAQGVDALLIGAGTSLRYFSGVPWGASERLVALLLTTEGDPVLICPAFEEGSLDAVLQLPVRKRLWEEHEDPYALVVQAMDEQHAHALALDPGIAFAVHTGLRAHLGTAIRDAGAIIDGCRMCKSPAELALMQQACDMTLLVQRLAAGIAHEGIGTDQLVRFIDEAHRALGADNGSTFCIVQFGHATAFPHGIPGVQHLRAGELVLIDTGCTVQGYHSDITRTWIYGTPSDAQQRIWELELAAQAAAFAAVRPGVACEAVDQAARAVLQAAGLGPDYRLPGLPHRTGHGCGLAIHEAPYLVRGNRQPLQPGMCASNEPMIVVPGAFGVRLEDHFYVTDTGAQWFTPPSVAIDQPFA,0
MPPSLRKAVAAAIGGGAIAIASVLITGPSGNDGLEGVSYIPYKDIVGVWTVCHGHTGKDIMLGKTYTKAECKALLNKDLATVARQINPYIKVDIPETTRGALYSFVYNVGAGNFRTSTLLRKINQGDIKGACDQLRRWTYAGGKQWKGLMTRREIEREVCLWGQQGGHHHHHHGG,0
GTRSESTEGHSKDLLYKYKLYGDIDEYAYYFLDIDIGTPEQRISLILDTGSSSLSFPCAGCKNCGVHMENPFNLNNSKTSSILYCENEECPFKLNCVKGKCEYMQSYCEGSQISGFYFSDVVSVVSYNNERVTFRKLMGCHMHEESLFLYQQATGVLGMSLSKPQGIPTFVNLLFDNAPQLKQVFTICISENGGELIAGGYDPAYIVRRGGSKSVSGQGSGPVSESLSESGEDPQVALREAEKVVWENVTRKYYYYIKVRGLDMFGTNMMSSSKGLEMLVDSGSTFTHIPEDLYNKLNYFFDILCIQDMNNAYDVNKRLKMTNESFNNPLVQFDDFRKSLKSIIAKENMCVKIVDGVQCWKYLEGLPDLFVTLSNNYKMKWQPHSYLYKKESFWCKGIEKQVNNKPILGLTFFKNRQVIFDIQKNRIGFVDANCPSHPTHTRPR,0
MSLWRQTPDLEQLNASQKNSIGDLLGIRFEAFDDESLTASMPVDSRTHQPFGLLHGGASVVLAESLGSMASYLCVDTSQYYCVGLEVNANHLRGLRSGRVTAVARAIHLGRTTHVWDIRLSGDDGKPSCIARLTMAVVPLAGRALEHHHHHH,0
MGSSHHHHHHSSGLVPRGSHMMVIKAKSPAGFAEKYIIESIWNGRFPPGSILPAERELSELIGVTRTTLREVLQRLARDGWLTIQHGKPTKVNQFMETSGLHILDTLMTLDVDNATNIVEDLLAARTNISPIFMRYAFKANKENSERTIKNVIESCEALMNAASWDDFIASSPYAEKVLQNVKEDNEKDEAKRQEILIAKTFNFYDYMLFQRLAFHSGNQIYGLIFNGLKKLYDRVGSYYFSNPASRELALKFYHQLLETCESGQREQLPVVIRHYGMESALIWNEMKKQLPTNFTEDDS,0
LIKSDQVNGVLVLSLLDKIIGAVDQIQLTQAQLEERQAEMEGAVQSIQGELSKLGKAHATTSNTVSKLLEKVRKVSVNVKTVRGSLERQAGQIKKLEVNEAELLRRRNFKV,0
VKKTTDHSTSLTSEELQKRREAVDAAISTHAIEGITLHSKTLEILEGYAKGEYSLEEFNTLMDNATL,0
MRGSHHHHHHGSSKKINGFEVLGEVAWLWASSPLHRKWPLSLLAINVLPAIESNQYVLLKRDGFPIAFCSWANLNLENEIKYLDDVASLVADDWTSGDRRWFIDWIAPFGDSAALYKHMRDNFPNELFRAIRVDPDSRVGKISEFHGGKIDKKLASKIFQQYHFELMSELKNKQNFKFSLVNS,0
MNLLIDNWIPVRPRNGGKVQIINLQSLYCSRDQWRLSLPRDDMELAALALLVCIGQIIAPAKDDVEFRHRIMNPLTEDEFQQLIAPWIDMFYLNHAEHPFMQTKGVKANDVTPMEKLLAGVSGATNCAFVNQPGQGEALCGGCTAIALFNQANQAPGFGGGFKSGLRGGTPVTTFVRGIDLRSTVLLNVLTLPRLQKQFPNESHTENQPTWIKPIKSNESIPASSIGFVRGLFWQPAHIELCDPIGIGKCSCCGQESNLRYTGFLKEKFTFTVNGLWPHPHSPCLVTVKKGEVEEKFLAFTTSAPSWTQISRVVVDKIIQNENGNRVAAVVNQFRNIAPQSPLELIMGGYRNNQASILERRHDVLMFNQGWQQYGNVINEIVTVGLGYKTALRKALYTFAEGFKNKDFKGAGVSVHETAERHFYRQSELLIPDVLANVNFSQADEVIADLRDKLHQLCEMLFNQSVAPYAHHPKLISTLALARATLYKHLRELKPQGGPSNG,0
MHHHHHHSSGVDLGTENLYFQSMTQDLKTGGEQGYLRIATEEAFATREIIDVYLRMIRDGTADKGMVSLWGFYAQSPSERATQILERLLDLGERRIADMDATGIDKAILALTSPGVQPLHDLDEARTLATRANDTLADACQKYPDRFIGMGTVAPQDPEWSAREIHRGARELGFKGIQINSHTQGRYLDEEFFDPIFRALVEVDQPLYIHPATSPDSMIDPMLEAGLDGAIFGFGVETGMHLLRLITIGIFDKYPSLQIMVGHMGEALPYWLYRLDYMHQAGVRSQRYERMKPLKKTIEGYLKSNVLVTNSGVAWEPAIKFCQQVMGEDRVMYAMNYPYQYVADEVRAMDAMDMSAQTKKKFFQTNAEKWFKL,0
AEVGRLRYPPEMPGAEVKVYKKVDNVDLKLYIYKPADWKPADRRSAIVFFFGGGWQSGSPAQFRPQCEYFAGRGMVAMAADYRVGSRHNVKVADCVADAKSAIRWVRQHAAELGVDPQKIVASGGSAGGHLAACTVMVPDLEAPEEDHTISSQANAAILFNPVLILSREGLKDHVPRQDWEERLRERLGTEPKAVSPYHHIRAGLPPMIIFHGTADNTVPFETIRLFAEAMKKAGNRCELVPFEGAAHGFFNFGRGDNLAYQKTLELADEFLVEIGFLAPKGESQP,0
MNEMFSQGGKGSTGILTNKQAIARHFGVKQSEVVYFSVGAVLSGYKVIYDKGTQRAYSLPANIGSGVTAISLSPAGVLVHSAGSVDLGALAVTRKEYVTLPDTFTSGSVIQTKNELLTHNGTQYRWAGGLPKSVPLNSTPVSAGGISPTAWVIANDELIRQELNNGLIPPVGSTSVYDVPGIVVNTTTDNRAAAYAFPGKIFIPNGVTIRCNLLPDDDVRKFVGEGKLIVKNQWYAKDHTFDIAASMNGNNKTVNDEIYCAFRDQTFCRIGIIGDSITDGAWGKQDWSSPPTNSDGDLDAPSTYNHSLSGGSHSWTEHWMNGLLLTQSRRSGETIYQSANCSVSGKKLSDGWGYRNFDRGFFGNTRYGAEAPRVCILAMGWNDSSASIATYRDQIDKFVRKAWGYGCAVGIVTVNDNDSVRMAFELSTKKYMADKLGVEYFNLGPNLTSASSRNEQTGYYYYVKKDGTWDTTHPQELGQMAMGNAMYMQTLGNKYCRRVRPGDMLTQAAVENYWDCVGYPSGTHYAPQYVPVSGAPALNVFRFLSKCVTNENVTMTTMVWCEEEGMTVSLLEPWTNAAVVGQSHNIRVESPVGKALFESGEYQERNTQINAYRTVLNGKTAMSYFGGGKTLTTYMGRLRKGLNFIRYIIDGSPTDAYFPMLKFGSYKTDGVKLPMVRLSKEPNMTRPAPVMKQSNANDYGVFGEVLSGTQFSKTADSHLYNGASVGYLAVPRGLKKNTYIALNYNPLTNVGVLVGVNAAGNMCIGTFNNANPTDWVVFGDTTREDKGFKVWEYTSSSTGAHTFTVESDDGTATTSAFSTTVATSGYVGLYNPSASSQLFTLEYSMTIGNVGLEHHHHHH,0
MGSSHHHHHHENLYFQGSMNISVFDLFSIGIGPSSSHTVGPMLAANAFLQLLEQKNLFDKTQRVKVELYGSLALTGKGHGTDKAILNGLENKAPETVDPASMIPRMHEILDSNLLNLAGKKEIPFHEATDFLFLQKELLPKHSNGMRFSAFDGNANLLIEQVYYSIGGGFITTEEDFDKSTTDTNPPPYPFATATELLKLCKKHHLTIAELMLVNEKTWRSTAEIHKGILDIAKVMDDCINNGCKHDGVLPGGLNLKRRAPDLYRKLIEQKGVKSVFEQSDIMNHLNLYAMAVNEENAAGGRIVTAPTNGAAGIIPAVLKYCQQAHDRMSNEDIYTYFLTAAAIGILYKKGASISGAEVGCQGEVGVASSMAAAGLTAVLGGTIEQVENAAEIAMEHHLGMTCDPVLGLVQIPCIERNAMGAVKAVNATRMALIGDGQHQISLDKVIKTMKQTGMDMQSIYKETSMGGLAVNLPEC,0
MGSSHHHHHHSQGSMTDDKDVLRDVWFGRIPTCFTLYQDEITEREAEPYYLLLPRVSYLTLVTDKVKKHFQKVMRQEDISEIWFEYEGTPLKWHYPIGLLFDLLASSSALPWNITVHFKSFPEKDLLHCPSKDAIEAHFMSCMKEADALKHKSQVINEMQKKDHKQLWMGLQNDRFDQFWAINRKLMEYPAEENGFRYIPFRIYQTTTERPFIQKLFRPVAADGQLHTLGDLLKEVCPSAIDPEDGEKKNQVMIHGIEPMLETPLQWLSEHLSYPDNFLHISIIPQPTD,0
GSMEERAAMDAVCAKVDAANRLGDPLEAFPVFKKYDRNGLNVSIECKRVSGLEPATVDWAFDLTKTNMQTMYEQSEWGWKDREKREEMTDDRAWYLIAWENSSVPVAFSHFRFDVECGDEVLYCYEVQLESKVRRKGLGKFLIQILQLMANSTQMKKVMLTVFKHNHGAYQFFREALQFEIDDSSPSMSGCCGEDCSYEILSRRTKF,0
MRGSHHHHHHTDPALRALIRVEIPIDAPGIDALLRRSFESDAEAKLVHDLREDGFLTLGLVATDDEGQVIGYVAFSPVDVQGEDLQWVGMAPLAVDEKYRGQGLARQLVYEGLDSLNEFGYAAVVTLGDPALYSRFGFELAAHHDLRCRWPGTESAFQVHRLADDALNGVTGLVEYHEHFNRFGLCGR,0
MGSSHHHHHHSSGLVPRGSHMSQAIQHNSQVMMTRHPNFLRTAEALRPALSRQAHPPIAVVEAHADAAALFGWRAEPVSTLAAFYQRELSSGDSVIIDFGSHYVGYLHFLCQSAGSPPDAPAHLQLTFGETLSEVCEPFSDYQGWLSSSWLQQQDLWLDVLPAEIDLPRRYCFRYLKVEVKAVSRKFRLQFTQIEVNAVTSASGACPAATTSDPQLRAIDNVAVLTLQNCMQEVFEDGPKRDRRLWLGDLRLQALVNDVTFARHDLVRRCLYLFAGHTREDGMVSANVFVQPDVIADDTFLFDYSLFFVDVLYNYLQSAEDMATARELWPTARRQVELALTRCDASGVVRDSDDWWVFIDWQASLNKQAAAQGVLIYCLQRAIWLAERFEPELAVSYRQRLQQLKSAALDALWDPQQGFYVSGARRQVSWASQIWLVLAEVGTPQQRREIMRNLEKNPPAVAMNTPYLRHHYIAALLQCGLRDEAIAQIKAYWGAMVDYGADTFWEIFDPAHPDFSPYGSKLINSYCHAWSCTPAWFIRQYGL,0
GGSSVGRSRSPPPSRERSVRSIEQELEQLRDVTPINQWKRKRSLWDIKPPGYELVTADQAKMSGVFPLPGA,0
GAMGKSKSQDKNYVHAREIDAYWLQRQIGRVYPDAHIQHDKTTSALKILSGEPDEPGGDEKQLRDIENDLMELFDYEHHELVQKLIENRDKVVWLTRLARAESREERDTIEREMASEGLRWILDELYGKPKDDQKKPKL,0
SGHSSVVVDTNGQPVSNGADAYYLVPVSHGHAGLALAKIGNEAEPRAVVLDPHHRPGLPVRFESPLRINIIKESYFLNIKFGPSSSDSGVWDVIQQDPIGLAVKVTDTKSLLGPFKVEKEGEGYKIVYYPERGQTGLDIGLVHRNDKYYLAVKDGEPCVFKIRKATDE,0
HHHHHHMFIEEFEIESITSTHLLEVLTREYPEVRSPSIKGAMRWWFRALAGSYFGDDAQKLKEIENQVFGSTKERSRVKISVTPLSSPKRLNLKEFKDKNVGYIWFSINLLGKRGTITHYYPPGSRFRVVLESPSERVIKLATLSLWALVSLGSVGFRSRRGTGSMKIVRASSEVLEDLGLTTEFNSIDEFKDSLKRVLDVTGEILGVKNSETNKSLPSYATLKFSDVEVFGPGKNTWEVLAQFNNSYKEYLRRRIKKYQRIIFGLPRFKLRGVRKDLRRASPLWFGVVEIGGKPYGRIIKFFQSTFHPEVRSKHIVDWNVLSNFDWFISSRLPVTKVWGGWSG,0
MDFTTTEAAQDLGGLVDTIVDAVCTPEHQRELDKLEQRFDRELWRKLIDAGILSSAAPESLGGDGFGVLEQVAVLVALGHQLAAVPYLESVVLAAGALARFGSPELQQGWGVSAVSGDRILTVALDGEMGEGPVQAAGTGHGYRLTGTRTQVGYGPVADAFLVPAETDSGAAVFLVAAGDPGVAVTALATTGLGSVGHLELNGAKVDAARRVGGTDVAVWLGTLSTLSRTAFQLGVLERGLQMTAEYARTREQFDRPIGSFQAVGQRLADGYIDVKGLRLTLTQAAWRVAEDSLASRECPQPADIDVATAGFWAAEAGHRVAHTIVHVHGGVGVDTDHPVHRYFLAAKQTEFALGGATGQLRRIGRELAETPA,0
MNSPPSFGVNMTLVTLPEDLPVGAVAFWLVATDSDNDHLTYGISGPNASYFSVNANTGEVKLASPLDFETVPFFKITISTSDGLNIRTAEMQVIVEDRNDNIPVFLNTEFSTSINETLPVGSVVFSVLAEDKDTGTAGLVQYFIEKVIPSTANSNNLFRILENGSIVLNDTLSYNNKSAFYQLELKACDSGGILDNKPKTQCSQPVFVSISVIDEPDLDPRFIREFYSASVAEDATLGTSVLTVEAVDSDKGINDIVTYSVSNSTRPGWFDIREDGVIFVNGSLDREQLLLENEEVQIQVTATEKNLNIYGQEAKASMWVTIRVTDVNDLEHHHHHH,0
MTVDFLSMVKYTPLFISGLIMTLKLTFLAVTIGVLMGLFIALMKMSSIKPIKLVASSYIEVIRGTPLLVQLLLIYNGLMQFGMNIPAFTAGVSALAINSSAYVAEIIRAGIQAVDPGQNEAARSLGMTHAMAMRYVIIPQAIKNILPALGNEFIVMLKESAIVSVIGFADLTRQADIIQSVTYRYFEPYIIIAAIYFVMTLTFSKLLSLFERRLRAGDIR,0
MGHNHRHKHHHHHHHHENLYFQGPGSSPSLEQDDGDEETSVVIVGKISFCPKDVLGHGAEGTIVYRGMFDNRDVAVKRILPECFSFADREVQLLRESDEHPNVIRYFCTEKDRQFQYIAIELCAATLQEYVEQKDFAHLGLEPITLLQQTTSGLAHLHSLNIVHRDLKPHNILISMPNAHGKIKAMISDFGLCKKLAVGRHSFSRRSGVPGTEGWIAPEMLSEDCKENPTYTVDIFSAGCVFYYVISEGSHPFGKSLQRQANILLGACSLDCLHPEKHEDVIARELIEKMIAMDPQKRPSAKHVLKHPFFWSLEKQLQFFQDVSDRIEKESLDGPIVKQLERGGRAVVKMDWRENITVPLQTDLRKFRTYKGGSVRDLLRAMRNKKHHYRELPAEVRETLGTLPDDFVCYFTSRFPHLLAHTYRAMELCSHERLFQPYYFHEPPEPQPPVTPDAL,0
GHMSSTNGFGNVYGPSTGTDLFISHSKGVFINGCADCAIYCLPIAGSAFLSNCTNCRVYVACHQLRLKGCTNLDMYVWCASTPIIEECDAMRFGPYRCWVGLLSSCTEDGKTYATHAEWVSRVGEIEDTARTEQNYVKVDDFQWVKKRASPHWCVLAREEERASTTVFGPATLPSSSTAHSTVAADH,0
MASHHHHHHSGMDQTPIRVLLAKVGLDGHDRGVKVVARALRDAGMDVIYSGLHRTPEEVVNTAIQEDVDVLGVSLLSGVQLTVFPKIFKLLDERGAGDLIVIAGGVMPDEDAAAIRKLGVREVLLQDTPPQAIIDSIRSLVAARGARGSAWSHPQFEK,0
FNGMELLSPKPLCSVVNCEDLEKLDHVSALNELRREQEIFKLLPGIYAHRYDFRRVSPSIINDFEYCPRLLWVQHKLGLKLLSEKSVVSIIRGRILHERYERLLSQYENVVAEYKVEIGDLVGVVDLVIKRGGEYIPVEIKTGFSKEAHKTQLQIYISMLKARFGYLVYRNHVEVVHRNDAALDVLKKIREILSAREAPPAKCNSCIFKPICKNLL,0
MCSARSVRVVPRAATFEGLMDDASKAKMEELERRFKMADVDGNGHIDREELRNLLESMESGEVYMMSQHWLPEDELERCMEQYDVNKDGVISFEEFKQIIYDGLLLEGTLAEYESAFKAVDKSGNGTIGATELSKLFASLGNPVSLEKLVDLMQMYDKDDSGQIEFPEFLLMFRNSLLDLKDMTTYMTLDEAGAGSSGSLVDAVEGDMTLIFSEEELDALISANPDKLVVVFGALTWCRPCKGMQRPVQKLAEHYKDHIVFVKLFGNANKQTKRIFKERFQIRSTPCFITLRKGEPVYTQTGSNKEKLEAGLRSLIANPPVGMIYPSAEALAALQDPNSSSVDKLAAALEHHHHHH,0
AEKEKNAAEIRQQFAMTAGSPIIVNDKLERYAEVRTAFTHPTSFFKPNYKGEVKPWFLSAYDEKVRQIENGENGPKMKAKNVGEARAGRALEAAGWTLDINYGNIYPNRFFMLWSGETMTNTQLWAPVGLDRRPPDTTDPVELTNYVKFAARMAGADLVGVARLNRNWVYSEAVTIPADVPYEQSLHKEIEKPIVFKDVPLPIETDDELIIPNTCENVIVAGIAMNREMMQTAPNSMACATTAFCYSRMCMFDMWLCQFIRYMGYYAIPSCNGVGQSVAFAVEAGLGQASRMGACITPEFGPNVRLTKVFTNMPLVPDKPIDFGVTEFCETCKKCARECPSKAITEGPRTFEGRSIHNQSGKLQWQNDYNKCLGYWPESGGYCGVCVAVCPFTKGNIWIHDGVEWLIDNTRFLDPLMLGMDDALGYGAKRNITEVWDGKINTYGLDADHFRDTVSFRKDRVKKS,0
MGQWQIKIYSENEREFRELIERLEEERPSVQYTETTRNGRRQLTIRSNDKNEVDRILEEVRRKVPNARVRETETGSLEHHHHHH,0
GMDTQQLYFLNDIGKQKPESIRNRSAACPFCDRENLTDILATEGSIIWLKNKFPTLKDTFQTVLIETDNCEDHIATYTEEHMRSLIRFSIKHWLNLQKNEEFTSVILYKNHGPFSGGSLHHAHMQIIGMKYVNYLDNVEQDNFQGVIVQKNEHIELNISDRPIIGFTEFNIIIEDIGCIDELANYIQQTVRYILTDFHKGCSSYNLFFYYLNEKIICKVVPRFVVSPLYVGYKIPQVSTKIEDVKIQLAAYFTKQNDAIIHKKIE,0
MAGFLKVVQLLAKYGSKAVQWAWANKGKILDWLNAGQAIDWVVSKIKQILGIK,0
MGSSHHHHHHSQLEVLFQGPLGSGRPKKVPSAQTAYSVELARNLTWRRERKALLQEKKGLVNGNGTEMTSVQFPPPPNLAASAPRRSSLGFTLDLHRIQRDYIDLVPKHWHVISLSLSDGGHDLCITRLQAGQAPFVLRLPLERASSRDSSVDETDVFDFHTGRAELLEIIKEINRTCHDSRDMAAKGEREKWWAEREALDQRLKELLMNIEHVWLGGFRGVFSQHGRRPELLEKFRAMFEGVLDKHLPSRRQVGRGKKGKGVAGQTKVVLDGNVLELFIGLGDATKSGADFDEELTDLLYFVVDILQFHGERNAYDEIDFDSMVVETMDALMAYHAEANAAPESDSHAHTILVLDKQLHVFPWESLPCLQGLAVSRIPSLACLRKLLLDRRRSSSQIQGEDSEEEDPRSAGHHAPLSGGTYILNPSSDLLSTQKTFESLFSTHLHSPNSWTRIISRPPTEPEFLSALTHSPILLYFGHGSGAQYIRSRNIRHLDHCRATVLLMGCSSAALTAKGEFEPSGPVWNYMLAGAPAVVGTLWDVTDRDIDRFAGGVLEGWGVLPEGCMGEKNGKKKAGRNGLSLVQAVAKARDRCRFRYVTAAAAVVYGIPVYVDVDGKSKD,0
GMADPPSLHHEAQPLKFIAVDYCPESCTHSPESSTITLTFDHRGGSRWRSTTRFQYGTFSSLIQCPKGNTSGLNFNIYLSSLEGDKSQDAIDFEFLGKDKRIVQTNYYTAGTGNREAIHDLGFDCSDGFHEYVIKWGPDLIQWLIDGKVIRSVRADGEGFPQKPMFLYASVWDASYIDEGRWTGPYVGCDAPYICLYKNVNVPVGTAVE,0
SNTNQSESEKIIKEFYKTVYNYEKSQKEISMTTVKELATDNVYQELQNEINVNNSYSPQQNTIQKSSVNENEIKILAYESKDNSQQYLVTAPIHQVFNGTKNDFEINQLIQIKNQKITQRTTIQLGEE,0
MGNAQERPSETIDRERMRLVETLQADSGLLLDALLARGVLTGPEYEALDALPDAERRVRRLLLLVQGKGEAACQELLRCAQRTAGAPDPAWDWQH,0
GAQDKKKEFKMPTGYAGITHEMSEFYEPVPPVVTPGTDLKGGGFTAPSDAIVLFDGKDLSAWESVKGGAAEWDVHDGVFTVNKKKGDIQTKQKFNDFQMHIEWQVPTNITGESQSRGNSGIFLQGMYEVQVLDCYNNPTYVNGQTGSIYKQSIPLANAMRKPGEWNVYDIIYTAPTFKEDGSYRTHPTVTVIQNGVVLQNHTTILGTTEWIGFPQVKKHGAGPIILQSHGDPSEPISFRNIWIREL,0
SQQQIAALSESLQATQQQLQALQQQCYELEKTNRLLVSEVMTLQKMVKAQNQASNEIINHL,0
SMNQLPRDVTHLLALVSSAIHAVENPFGANDLPYFRTLLKILFVVLRAAKQGTAKPGESNVAITQQVLTILDRVVARCFRALAALVHEQQQNATDGTTTAPEDLALITAILQACLSVPGIEQCQVQVLNIMAAHDVFQVAVALFSWADRLLPANPSPASSSTSTSATNPASGDPVYGELALLFLLELSALPALAEHLACDGLLGHLAAARLAGYMRRTNVGPFAENAGAARCYAIWAKCLLPLLLNILAALGSTVAPEVAWVLNQFPNLLQSSVERIEPPGFSRPTLSLASTPPRQKFISLLEISEIHSLALLTRVLAACRAQNARDVPEVTWDGAKVLECVEYWLRGRKVLRERLVPLGPREVEWRGMVATGGVVGVAGDGGEGCENRLEEKAVGLLVGVREVLEGGLEGEGE,0
MGSSHHHHHHSSGLVPRGSHMPIQVLPPQLANQIAAGEVVERPASVVKELVENSLDAGATRIDIDIERGGAKLIRIRDNGSGIKKDELALALARHATSKIASLDDLEAIISLGFRGEALASISSVSRLTLTSRTAEQQEAWQAYAEGRDMCVTVKPAAHPVGTTLEVLDLFYNTPARRKFLRTEKTEFNHIDEIIRRIALARFDVTINLSHNGKIVRQYRAVPEGGQKERRLGAILGTAFLEQALAIEWQHGDLTLRGWVADPNHTTPALAEIQYFYVNGRMMRDRLINHAIRQAYEDKLGADQQPAFVLYLEIDPHQVDVNVHPAKHEVRFHQSRLVHDFIYQGVLSVLQQQLETPLPLDDEPQPAPR,0
MSYYHHHHHHDYDIPTTENLYFQGAMGMAPYPYKVQTTVPELQYENFDGAKFGYMFWPVQNGTNEVRGRVLLIHGFGEYTKIQFRLMDHLSLNGYESFTFDQRGAGVTSPGRSKGVTDEYHVFNDLEHFVEKNLSECKAKGIPLFMWGHSMGGGICLNYACQGKHKNEISGYIGSGPLIILHPHTMYNKPTQIIAPLLAKFSPRVRIDTGLDLKGITSDKAYRAFLGSDPMSVPLYGSFRQIHDFMQRGAKLYKNENNYIQKNFAKDKPVIIMHGQDDTINDPKGSEKFIRDCPSADKELKLYPGARHSIFSLETDKVFNTVFNDMKQWLDKHTTTEAKP,0
DDKAMAGNFWQSSHYLQWILDKQDLLKERQKDLKFLSEEEYWKLQIFFTNVIQALGEHLKLRQQVIATATVYFKRFYARYSLKSIDPVLMAPTCVFLASKVEEFGVVSNTRLIAAATSVLKTRFSYAFPKEFPYRMNHILECEFYLLELMDCCLIVYHPYRPLLQYVQDMGQEDMLLPLAWRIVNDTYRTDLCLLYPPFMIALACLHVACVVQQKDARQWFAELSVDMEKILEIIRVILKLYEQWKNFDERKEMATILSKMPKPKPPPNSEGEQGPNGSQNSSYSQS,0
GMPKPINVRVTTMDAELEFAIQPNTTGKQLFDQVVKTIGLREVWYFGLHYVDNKGFPTWLKLDKKVSAQEVRKENPLQFKFRAKFYPEDVAEELIQDITQKLFFLQVKEGILSDEIYCPPETAVLLGSYAVQAKFGDYNKEVHKSGYLSSERLIPQRVMDQHKLTRDQWEDRIQVWHAEHRGMLKDNAMLEYLKIAQDLEMYGINYFEIKNKKGTDLWLGVDALGLNIYEKDDKLTPKIGFPWSEIRNISFNDKKFVIKPIDKKAPDFVFYAPRLRINKRILQLCMGNHELYMRRRKPDTIEVQQMKAQAREEKHQKQLERQQLETEKKRRETVEREKEQMMREKEELMLRLQDYEEKTKKAERELSEQIQRALQLEEERKRAQEEAERLEADRMAALRAKEELERQAVDQIKSQEQLAAELAEYTAKIALLEEARRRKEDEVEEWQHRAKEAQDDLVKTKEELHLVMTAPPPPPPPVYEPVSYHVQESLQDEGAEPTGYSAELSSEGIRDDRNEEKRITEAEKNERVQRQLLTLSSELSQARDENKRTHNDIIHNENMRQGRDKYKTLRQIRQGNTKQRIDEFEAL,0
MTEHETKDKAKKIREIYRYDEMSNKVLKVDKRFMNTSQNPQRDAEISQPKSMSGRISAKDMGQGLCNNINKGLKENDVAVEKTGKSASLKKIQQHNTILNSSSDFRLHYYPKDPSNVETYEQILQWVTEVLGNDIPHDLIIGTADIFIRQLKENEENEDGNIEERKEKIQHELGINIDSLKFNELVKLMKNITDYETHPDNSNKQAVAILADDEKSDEEEVTEMSNNANVLGGEINDNEDDDEEYDYNDVEVNSKKKNKRALPNIENDIIKLSDSKTSNIESVPIYSIDEFFLQRKLRSELGYKDTSVIQDLSEKILNDIETLEHNPVALEQKLVDLLKFENISLAEFILKNRSTIFWGIRLAKSTENEIPNLIEKMVAKGLNDLVEQYKFRETTHSKRELDSGDDQPQSSEAKRTKFSNPAIPPVIDLEKIKFDESSKLMTVTKVSLPEGSFKRVKPQYDEIHIPAPSKPVIDYELKEITSLPDWCQEAFPSSETTSLNPIQSKVFHAAFEGDSNMLICAPTGSGKTNIALLTVLKALSHHYNPKTKKLNLSAFKIVYIAPLKALVQEQVREFQRRLAFLGIKVAELTGDSRLSRKQIDETQVLVSTPEKWDITTRNSNNLAIVELVRLLIIDEIHLLHDDRGPVLESIVARTFWASKYGQEYPRIIGLSATLPNYEDVGRFLRVPKEGLFYFDSSFRPCPLSQQFCGIKERNSLKKLKAMNDACYEKVLESINEGNQIIVFVHSRKETSRTATWLKNKFAEENITHKLTKNDAGSKQILKTEAANVLDPSLRKLIESGIGTHHAGLTRSDRSLSEDLFADGLLQVLVCTATLAWGVNLPAHTVIIKGTDVYSPEKGSWEQLSPQDVLQMLGRAGRPRYDTFGEGIIITDQSNVQYYLSVLNQQLPIESQFVSKLVDNLNAEVVAGNIKCRNDAVNWLAYTYLYVRMLASPMLYKVPDISSDGQLKKFRESLVHSALCILKEQELVLYDAENDVIEATDLGNIASSFYINHASMDVYNRELDEHTTQIDLFRIFSMSEEFKYVSVRYEEKRELKQLLEKAPIPIREDIDDPLAKVNVLLQSYFSQLKFEGFALNSDIVFIHQNAGRLLRAMFEICLKRGWGHPTRMLLNLCKSATTKMWPTNCPLRQFKTCPVEVIKRLEASTVPWGDYLQLETPAEVGRAIRSEKYGKQVYDLLKRFPKMSVTCNAQPITRSVMRFNIEIIADWIWDMNVHGSLEPFLLMLEDTDGDSILYYDVLFITPDIVGHEFTLSFTYELKQHNQNNLPPNFFLTLISENWWHSEFEIPVSFNGFKLPKKFPPPTPLLENISISTSELGNDDFSEVFEFKTFNKIQSQVFESLYNSNDSVFVGSGKGTGKTAMAELALLNHWRQNKGRAVYINPSGEKIDFLLSDWNKRFSHLAGGKIINKLGNDPSLNLKLLAKSHVLLATPVQFELLSRRWRQRKNIQSLELMIYDDAHEISQGVYGAVYETLISRMIFIATQLEKKIRFVCLSNCLANARDFGEWAGMTKSNIYNFSPSERIEPLEINIQSFKDVEHISFNFSMLQMAFEASAAAAGNRNSSSVFLPSRKDCMEVASAFMKFSKAIEWDMLNVEEEQIVPYIEKLTDGHLRAPLKHGVGILYKGMASNDERIVKRLYEYGAVSVLLISKDCSAFACKTDEVIILGTNLYDGAEHKYMPYTINELLEMVGLASGNDSMAGKVLILTSHNMKAYYKKFLIEPLPTESYLQYIIHDTLNNEIANSIIQSKQDCVDWFTYSYFYRRIHVNPSYYGVRDTSPHGISVFLSNLVETCLNDLVESSFIEIDDTEAEVTAEVNGGDDEATEIISTLSNGLIASHYGVSFFTIQSFVSSLSNTSTLKNMLYVLSTAVEFESVPLRKGDRALLVKLSKRLPLRFPEHTSSGSVSFKVFLLLQAYFSRLELPVDFQNDLKDILEKVVPLINVVVDILSANGYLNATTAMDLAQMLIQGVWDVDNPLRQIPHFNNKILEKCKEINVETVYDIMALEDEERDEILTLTDSQLAQVAAFVNNYPNVELTYSLNNSDSLISGVKQKITIQLTRDVEPENLQVTSEKYPFDKLESWWLVLGEVSKKELYAIKKVTLNKETQQYELEFDTPTSGKHNLTIWCVCDSYLDADKELSFEINVK,0
MAHHHHHHATLLYGKNNVLVQPRDDMEAVPGYLSLHQTADVMTLKWTPNQLMNGSVGDLDYEKSVYWDYAVTIRLEEIVYLHCHQQVDSGGTVVLVSQDGIQRPPFRFPKGGHLLQFLSCLENGLLPHGQLDPPLWSQRGKGKVFPKLRKRSPQGSSESTSSDKEDDEATDYVFRIIYPG,0
GAMGGFPNDAKGISGNGKYYSLGQIEKLYSNQFATYNNLTVITSDTHENSDNFAFCLANGKRFPSFTDEKPKGIYTLVKDINKEQYTKLLKENHKWSSIPNLNQAWDTFSRLSYMYLKDPTDIVKRAWGTDLNTARTYFHQVIQYEIWRYTDGMRVSSDTNVYIYEKFSPQQKKALEMIRTDLYNFTVPYENLEYRFYKPDWVFGLGFQALATVRWKIEP,0
GPQRLPFPTGYKRQREYEEEDDDDDEYDSEMEDFIEDEGEPQEEISKHIREIFGYDRKKYKDESDYALRYMESSWKEQQKEEAKSLRLGMQEDLEEMRREEEEMQRRRAKKLKRR,0
AEEELPPRKVCIVGAGVSGLYIAMILDDLKIPNLTYDIFESSSRTGGRLYTHHFTDAKHDYYDIGAMRYPDIPSMKRTFNLFKRTGMPLIKYYLDGENTPQLYNNHFFAKGVVDPYMVSVANGGTVPDDVVDSVGEKLQQAFGYYKEKLAEDFDKGFDELMLVDDMTTREYLKRGGPKGEAPKYDFFAIQWMETQNTGTNLFDQAFSESVIDSFDFDNPTKPEWYCIEGGTSLLVDAMKETLVHKVQNNKRVEAISIDLDAPDDGNMSVKIGGKDYSGYSTVFNTTALGCLDRMDLRGLNLHPTQADAIRCLHYDNSTKVALKFSYPWWIKDCGITCGGAASTDLPLRTCVYPSYNLGDTGEAVLLASYTWSQDATRIGSLVKDAPPQPPKEDELVELILQNLARLHAEHMTYEKIKEAYTGVYHAYCWANDPNVGGAFALFGPGQFSNLYPYLMRPAAGGKFHIVGEASSVHHAWIIGSLESAYTAVYQFLYKYKMWDYLRLLLERWQYGLQELETGKHGTAHLQFILGSLPKEYQVKIV,0
RSSQLPAPQHPKIRLYNAEQVLSWEPVALSNSTRPVVYQVQFKYTDSKWFTADIMSIGVNCTQITATECDFTAASPSAGFPMDFNVTLRLRAELGALHSAWVTMPWFQHYRNVTVGPPENIEVTPGEGSLIIRFSSPFDIADTSTAFFCYYVHYWEKGGIQQVKGPFRSNSISLDNLKPSRVYCLQVQAQLLWNKSNIFRVGHLSNISCYETMADASTELQQTGHHHHHHE,0
MHHHHHHSSGMNWTVDIPIDQLPSLPPLPTDLRTRLDAALAKPAAQQPTWPADQALAMRTVLESVPPVTVPSEIVRLQEQLAQVAKGEAFLLQGGDCAETFMDNTEPHIRGNVRALLQMAVVLTYGASMPVVKVARIAGQYAKPRSADIDALGLRSYRGDMINGFAPDAAAREHDPSRLVRAYANASAAMNLVRALTSSGLASLHLVHDWNREFVRTSPAGARYEALATEIDRGLRFMSACGVADRNLQTAEIYASHEALVLDYERAMLRLSDGDDGEPQLFDLSAHTVWIGERTRQIDGAHIAFAQVIANPVGVKLGPNMTPELAVEYVERLDPHNKPGRLTLVSRMGNHKVRDLLPPIVEKVQATGHQVIWQCDPMHGNTHESSTGFKTRHFDRIVDEVQGFFEVHRALGTHPGGIHVEITGENVTECLGGAQDISETDLAGRYETACDPRLNTQQSLELAFLVAEMLRD,0
NENLSFTVKTDRIVYDMTQQVITIPVKPNKSVNASDVHAVLTYGWDGNGSSEKVIGEVYLKDVQWTAGIEYTIMISAELSIDEIKSKDKVDLIVFYDGQMTITENLKPSSWTVVGP,0
MTVNKLEPDNGTPNDELFTVAGMFDGSLYKLLLRMALPMFVGMLTQVTYAIADIFWLSHIDVTNSGIIAGVGLVFPVGMGLFAIANGIQIGMGSLLSRAIGMQRLDRAQRILSVGIIIALFFAIVITVLGYVYAQPLLRSLGATKSIIGYATEFYYYSLLTVFSIMLIGVMMGLFQGAGKIMVIMKASLLGALVNIMLDPIMIFVFDFGVKGVALASFLAQLSMVAYFIYTLMGLHIGLSIRIALRPFSWKIYREFLSVGMAQMLMQLIIAVGIVIYNFFIVRLDVNAMAAFTLTGRIDYFIITPMLAIATALLTVVGQNWGHGNVTRTLNAYWAAVALAFSIVLVLAVMHIVLAPWMYPLFTRVVAVSDYAVLQTRIMALALPFVAISLLASEYYQAIGKPWYSVLLTLMRHVFISVPVVYLLAIVLEMRITGVYFGAMSGTFVAALLAWRLLRLSPRLLRWNQEAVRSQHLDMEVAPADDDDKLAAAHHHHHHHHHH,0
GSHMRKKIYAEIDRLESWKIEILNRSIVEEMSKIKHLKMTGQTEEFFEKWREEWDEIVTAHMPKVEELLYDAEENADKYRFKKANQVLVHIDDLLTAAESSIEKILREISDLVTSEEKSREEIEQVRERYSKSRKNLLAYSHLYGELYDSLEKDLDEIWSGIKQFEEETEGGNYITARKVLLEQDRNLERLQSYIDDVPKLLADCKQTVPGQIAKLKDGYGEMKEKGYKLEHIQLDKELENLSNQLKRAEHVLMTELDIDEASAILQLIDENIQSVYQQLEGEVEAGQSVLSKMPELIIAYDKLKEEKEHTKAETELVKESYRLTAGELGKQQAFEKRLDEIGKLLSSVKDKLDAEHVAYSLLVEEVASIEKQIEEVKKEHAEYRENLQALRKEELQARETLSNLKKTISETARLLKTSNIPGIPSHIQEMLENAHHHIQETVNQLNELPLNMEEAGAHLKQAEDIVNRASRESEELVEQVILIEKIIQFGNRFRSQNHILSEQLKEAERRFYAFDYDDSYEIAAAAVEKAAPGAVEKIKADISA,0
GHMGSPVSYYFSYADGGTSHTEYPDDSSAGSFILDITSYKKTGNSTKALSWNASGDSWIHVNGSSVSYDENPAKERRTGLVTLKQDESGKTLSLKIVQPGKTSID,0
MADLNWETVISSDSSPAVENEHPQETPESNNSVYTSFMKSHRCYDLIPTSSKLVVFDTSLQVKKAFFALVTNGVRAAPLWDSKKQSFVGMLTITDFINILHRYYKSALVQIYELEEHKIETWREVYLQDSFKPLVCISPNASLFDAVSSLIRNKIHRLPVIDPESGNTLYILTHKRILKFLKLFITEFPKPEFMSKSLEELQIGTYANIAMVRTTTPVYVALGIFVQHRVSALPVVDEKGRVVDIYSKFDVINLAAEKTYNNLDVSVTKALQHRSHYFEGVLKCYLHETLETIINRLVEAEVHRLVVVDENDVVKGIVSLSDILQALVLTGGEKKP,0
SLQNASRLEDKTLAMWIADNRLNELQLEQTPPSSGRNQGELEFAGRRWEWRTQVDSTAEQDMRRVIVWVAAKPLGRERGSIEERAAARLVGFLG,0
MKSSHHHHHHENLYFQSNAMENLGDKLSISQVYHLAQEYRDHAYSIANKIGSEEGLKQYYGLMNMSIQMFQLLKTKCTLSVLEDSKVTFEMVELLIQETYNFDLAELYISSLKERLQTHQSDTDLVEEIMRCEFLLLHDLPLMRDSKFHYKIALRNCNELVQYMVNLQDELYQNWASVFQYVGVMLCIKLKQHRRVKTSFHGLLSQCREKSQWKWFLNLCYVNYLLNERFPIPEDALQELRSTELHTVGPELYAWKLALEMVIQLCKDGNITDHLNEFKNFFDTNKQSLVTNEGKGCVIKIMPRIALKVELPMIFHYKELKNILLLLQSVSYIVNCYDEKGNFSRKFLPKVYSTTQKLIKNIAAGGVSMNELDSRIQTYKSILEFCEFYKVWEQTLLKGAVVTTESPKLGPSPGYVRLLQAMKVQFEGGGAVEEYTRLAQSGGTSSEVKMISLLNCYTVQAARVSRCSGDKQGELVEQCNKVWLQVEKLLQETDLQFNPIWECTVTILWLFSHFEPFSWNPLPCSDKQRAEYVSKLREFYSSNKFVAGEAVADNRFKLKKALLLQILVNYLGGRMLEHDLGEIYAISAKCFDMCRQQGGMRKVQYVIGIWHLMNCTVAMRGKDVALTNAKLEALVKQITSVKQ,0
MHHHHHHSSGVDLGTENLYFQSMAEWYPYDAAKIDPPFAADGKSSDVKYVPLEKASKPWKLCVSFPHMKDAYWLGVDYGVAEESKRLGVKMNLVEAGGYTELNKQISQIEDCVASGTDAVIIGAISADGLNKVIGEIAKKKIPVIDLVNGISSPDIAAKSLVSFYTMGAETGSYLAKKHPAGTPEVVVGWFPGPAGAGWVEAANKGFMDAVKGSAIKVLEPKYGDTGKEVQAKLVEDALQAAPNIRYVAGTAVTAEAAQGLIRERGLKGKVDLLAFYMTPGVYEGIKRGLIMAAPADSMVIQGRIAVDQAVRILEGKDYVKHVGPKIFVVDSANIATVPQANILPPDGFKPVFN,0
GIDPFTMKKNYSYKNIQAIDFTNLNDGEKLLVLEFRNHPNTALWMYSTFISLKTHLQFIEDLKNSPNHRYFLFKEEGVYLGVGSITKINFFHKHGYLGIYKNPFLKNGGETILKALEFIAFEEFQLHSLHLEVMENNFKAIAFYEKNHYELEGRLKGFISKDKEFIDVLLYYKDKKGYNDQSLLKL,0
GSSGNPEDFKVFKYMKILEEAMENDTENLIEKVRGIYGFKVRNGPNGAEGYWVINAKEGKGKVTYNGGEKPDVTFTISDEDVVDLISGKLNPQKAFFQGKIKIQGNMGLAMKLTDLQRQAAGRIESI,0
GSGSTVANNVTNPNVDMTGWLLANSASAILDKSGISQQEVNDLTAHLDTYLKKMNILPSEDISTVLNQVKSDGVKKLHVKSREYIVNSLIEFTDDFEFVNETGTVFNFGDTGGFYASGSHTQITTLASDIVKNQSQSFDVADASQIQKGDWLVIYCTDDFSYSPYRNYYRKGEFVEVASVSGNTVKFFGRAYDNYLTSENIVILKVNPINFKFNYLKTVSTDNNPNVPLVIDYARNFETGYFENKGGKFAGLRLRRCFNFNIAINSAKNNAPANTLNYGIQISNCQNYNYFGGSNNSTRHAVAIGGDGDLGCVPCRNGYVSGAILHSETDTSGADMHGNVERTVYDHCTTNYATFGAGDNEYSNCDIYEREGQGCVLIAEPRGGEFKLTNNTYYTKTPLNSWSLVHGIIEKQLHEDLTVKLDGGCINGVGGASAGIVTIRQSNALNEALTKKVNVHITGGVSCDFDALRHWAWVEDGTIGRYTVPIGYIIVDDVVNTKDTANPYLIYPSQSTLATNVKTRQMLQQGVVSVTSAVNNTATRANVINLKYKYSKAPNVIVSVGNLVGSASWDATFFNEDTNVEPLRTPTPVNSLVAIDQVRPAILWNKKVVTPKTFNLYWESGIREI,0
IDPFTMKKIFMMVHELDVNKGGMTSSMFNRSKEFYDADIPADIVTFDYKGNYDEIIKALKKQGKMDRRTKMYNVFEYFKQISNNKHFKSNKLLYKHISERLKNTIEIEESKGISRYFDITTGTYIAYIRKSKSEKVIDFFKDNKRIERFSFIDNKVHMKETFNVDNKVCYQVFYDEKGYPYISRNINANNGAVGKTYVLVNKKEFKNNLALCVYYLEKLIKDSKDSIMICDGPGSFPKMFNTNHKNAQKYGVIHVNHHENFDDTGAFKKSEKYIIENANKINGVIVLTEAQRLDILNQFDVENIFTISNFVKIHNAPKHFQTEKIVGHISRMVPTKRIDLLIEVAELVVKKDNAVKFHIYGEGSVKDKIAKMIEDKNLERNVFLKGYTTTPQKCLEDFKLVVSTSQYEGQGLSMIEAMISKRPVVAFDIKYGPSDFIEDNKNGYLIENHNINDMADKILQLVNNDVLAAEFGSKARENIIEKYSTESILEKWLNLFNS,0
MGSGSGDDDDKLALSPESRLAAAWDALIAQPARRWRRVAVGVNACVDVVISGVKLLQALGLSPGSGKDHAILHSRSDLEEAFLYFMGKGAAAERFFSDKETFHDIAQAASEFPGAQHYVGGNAALIGQRFAANTDLKVLLCGPIGPKLHELLDDNVFVPPESLQEEDEFHLILEYLAGEEWGPFKAPHANRFIFSHDLSNGAMNMLEVFVSSLEEFQPDLVVLSGLHMMEGQSKELQRKRLLEVVTAISDIPTGIPVHLELASMTNRELMSSIVHQVFPAVASLGLNEQELLFLSQSASGPHSSLSSWDGVPDVGMVSDILFWILKEHGRSENRSSDLTRIHFHTLVYHILATVDGHWANQLAAVAAGARVAGTQACATETIDTNRVSLRAPQEFTTSHLESGSRIVLNPDKPVVEWHREGITFHFTPVLVCKDPVRTVGLGDAISAEGLFYSEARPDKGQLQGKPIPNPLLGLDSTRTGHHHHHH,0
MGSSHHHHHHSSGLVPRGSHMASMTGGQQMGRGSMAMIRPAHMIRPAHKSLRTRSQIIGKKEIRLLVVGSSGVGKTTLCDCFFESHQSQGEETREKHVQIDNDFIRISISDIAGQQSFYACDNPYDGYDAILVMYDITELKSFTDLKTMWLPDIFLYCNIDTQIIIIGNKKDQEIDRIITRKEAEQFAQDRLCQFYEISTKDDSCQLLFDCISRDFLQCDIKIRMLMVGDQNVGKTTFIRKFALQDPTGHDFMNAITTRFEMEKIKYEIIMIDWGFYNKLLQTNPAISRTIEAILIVYDITNEESFQNIHRKYYPLINNKFSDVAGVIVGYKTDLEAQRKITMGDALTLADWLGYKYVEMSSKDTEDHSSIIKALAHSIRINRLKIEQSYE,0
MAKQLQARRLDGIDYNPWVEFVKLASEHDVVNLGQGFPDFPPPDFAVEAFQHAVSGDFMLNQYTKTFGYPPLTKILASFFGELLGQEIDPLRNVLVTVGGYGALFTAFQALVDEGDEVIIIEPFFDCYEPMTMMAGGRPVFVSLKPGPIQNGELGSSSNWQLDPMELAGKFTSRTKALVLNTPNNPLGKVFSREELELVASLCQQHDVVCITDEVYQWMVYDGHQHISIASLPGMWERTLTIGSAGKTFSATGWKVGWVLGPDHIMKHLRTVHQNSVFHCPTQSQAAVAESFEREQLLFRQPSSYFVQFPQAMQRCRDHMIRSLQSVGLKPIIPQGSYFLITDISDFKRKMPDLPGAVDEPYDRRFVKWMIKNKGLVAIPVSIFYSVPHQKHFDHYIRFCFVKDEATLQAMDEKLRKWKVELENLYFQGKGGRADPAFLYKVVRMNEDLGKPIPNPLLGLDSTRTGHHHHHH,0
GMAVSSNGGAIKAVIYDCDGVMFDSFEANLAFYQRIMEMMGRPRLSRDNEEQMRILHTYANREVLAHFFPSPGDWEEAVRCAGAIDYRELVPLMIMEEGFREALDTLKGRVGLGVCTNRSTSMDMVLRLFSLDSYFSIVMTASRVTNPKPHPEPLLKVLEHFGIGPREALFVGDSEVDRLSAEAAGVPFVAYKAPLPAAYRMEHHREIIDLLG,0
GSAMGSSTSTSRATYMDRFNIPKNHVDLIWDKDGTKSHTRGNTTYRWTERKSNVGVYVGYSEMYDSSAQAYCQSSSAKIDTKTTVGAPYMAAGACPNYGKVIAFTKRDGSRSDMTRWKNEIHANVMPHSTTSCASRADPGAAEVAKSIEGFAMYAGYLTHCPYNVNVYRQDMVTDKEFDSTVCNFVTESNPLRFLDTTQRQSTQPYTEYAFHGKGGHKGYDYKGQTSHVGCPPYNPPHVTKGMKDSSWITGPFECSILSRCTTHCWPYKSGGNCFRSLPAMFDMSTGECRLLGYHTQDFRSSTCAELTTDDTNAFYCVRPMKTAASSNMVYVTSHTRPDHETKCPPREPLKNVRWGVVSKGKYCKPMNARASLSNATAEQCGQRLFMLSSADGSSLSSQVRGYHWATFVATDCNMGESCAATARGKCFFYSTVPECLIHSPTTMAFTSLSAVDPSIAIDPDSIAVLPEDKCVSVDCGAHGTCDVATGKCVCEPGFTGERCDAAALVPR,0
METIKSIADMATGVVSSVDSTINAVNEKVESVGNEIGGNLLTKVADDASNILGPNCFATTAEPENKNVVQATTTVNTTNLTQHPSAPTMPFSPDFSNVDNFHSMAYDITTGDKNPSKLVRLETHEWTPSWARGYQITHVELPKVFWDHQDKPAYGQSRYFAAVRCGFHFQVQVNVNQGTAGSALVVYEPKPVVTYDSKLEFGAFTNLPHVLMNLAETTQADLCIPYVADTNYVKTDSSDLGQLKVYVWTPLSIPTGSANQVDVTILGSLLQLDFQNPRVFAQDVNIYDN,0
MGSSHHHHHHSSGLVPRGSHDEITKKYIKDNIINVDDNIIKKKDIFKLKNENNEITECAFEYFESKKKFDDDIESRFFIINDNNYNENINLIYKDIKYCGLNIQTTGLEVFDENIRLIQIAVENYPVIIYDMFNINKKDILDGLRKVLENKNIIKIIQNGKFDAKFLLHNNFKIENIFDTYIASKLLDKNKNMYGFKLNNIVEKYLNVILDKQQQNSVWNNSLLNNNQLFYAARDSSCLLKLYKKLKEEIKKENLHIVNDIENKCILPICDMELNGIKVDLENLQKSTNEILNELNIEKDNLKKKLKDENINVNSQQQVLKALQKNNVRDISNKLIENTSDSNLKNFLNHEEIISLRNYRRLYKLYSAFYLKLPLHINTKTNKIHTTFNQLKTFSGRFSSEKPNLQQIPRQKNIREIFIPNDNNIFIIADFKQIELKIAAEITNDEIMLKAYNNNIDLHTLTASIITKKNIPDINKEDRHIAKAINFGLIYGMNYVNLKNYANTYYGLNMSLDQCLYFYNSFFEHYKGIYKWHNQVKQKRALQYSTLSNRKVIFPYFSFTKALNYPVQGTCADILKLALVDLYDNLKDINGKIILCVHDEIIIEVNKKFQEEALKILVQSMENSASYFLKKVKCEVSVKIAENWGSKD,0
LEEGSYVRIKRGIYKGDLAMVDQISENNLEVMLKIVPRLDYGKFDEIDPTTQQRKSRRPTFAHRAPPQLFNPTMALRLDQANLYKRDDRHFTYKNEDYIDGYLYKSFRIQHVETKNIQPTVEELARFGSK,0
MARAMAAAWPLLLVALLVLSWPPPGTGDVVVQAPTQVPGFLGDSVTLPCYLQVPNMEVTHVSQLTWARHGESGSMAVFHQTQGPSYSESKRLEFVAARLGAELRNASLRMFGLRVEDEGNYTCLFVTFPQGSRSVDIWLRVLAKPQNTAEVQKVQLTGEPVPMARCVSTGGRPPAQITWHSDLGGMPNTSQVPGFLSGTVTVTSLWILVPSSQVDGKNVTCKVEHESFEKPQLLTVNLTVYYPPEVSISGYDNNWYLGQNEATLTCDARSNPEPTGYNWSTTMGPLPPFAVAQGAQLLIRPVDKPINTTLICNVTNALGARQAELTVQVKEGPPSEHSGISRNAIIFLVLGILVFLILLGIGIYFYWSKCSREVLWHCHLCPSSTEHASASANGHVSYSAVSRENSSSQDPQTEGTRHHHHHH,0
MSYYHHHHHHDYDIPTTENLYFQGAMDPSVKAQTAHIVLEDGTKMKGYSFGHPSSVAGEVVFNTGLGGYPEAITDPAYKGQILTMANPIIGNGGAPDTTALDELGLSKYLESNGIKVSGLLVLDYSKDYNHWLATKSLGQWLQEEKVPAIYGVDTRMLTKIIRDKGTMLGKIEFEGQPVDFVDPNKQNLIAEVSTKDVKVYGKGNPTKVVAVDCGIKNNVIRLLVKRGAEVHLVPWNHDFTKMEYDGILIAGGPGNPALAEPLIQNVRKILESDRKEPLFGISTGNLITGLAAGAKTYKMSMANRGQNQPVLNITNKQAFITAQNHGYALDNTLPAGWKPLFVNVNDQTNEGIMHESKPFFAVQFHPEVTPGPIDTEYLFDSFFSLIKKGKATTITSVLPKPALVASRVEVSKVLILGSGGLSIGQAGEFDYSGSQAVKAMKEENVKTVLMNPNIASVQTNEVGLKQADTVYFLPITPQFVTEVIKAEQPDGLILGMGGQTALNCGVELFKRGVLKEYGVKVLGTSVESIMATEDRQLFSDKLNEINEKIAPSFAVESIEDALKAADTIGYPVMIRSAYALGGLGSGICPNRETLMDLSTKAFAMTNQILVEKSVTGWKEIEYEVVRDADDNCVTVCNMENVDAMGVHTGDSVVVAPAQTLSNAEFQMLRRTSINVVRHLGIVGECNIQFALHPTSMEYCIIEVNARLSRSSALASKATGYPLAFIAAKIALGIPLPEIKNVVSGKTSACFEPSLDYMVTKIPRWDLDRFHGTSSRIGSSMKSVGEVMAIGRTFEESFQKALRMCHPSIEGFTPRLPMNKEWPSNLDLRKELSEPSSTRIYAIAKAIDDNMSLDEIEKLTYIDKWFLYKMRDILNMEKTLKGLNSESMTEETLKRAKEIGFSDKQISKCLGLTEAQTRELRLKKNIHPWVKQIDTLAAEYPSVTNYLYVTYNGQEHDVNFDDHGMMVLGCGPYHIGSSVEFDWCAVSSIRTLRQLGKKTVVVNCNPETVSTDFDECDKLYFEELSLERILDIYHQEACGGCIISVGGQIPNNLAVPLYKNGVKIMGTSPLQIDRAEDRSIFSAVLDELKVAQAPWKAVNTLNEALEFAKSVDYPCLLRPSYVLSGSAMNVVFSEDEMKKFLEEATRVSQEHPVVLTKFVEGAREVEMDAVGKDGRVISHAISEHVEDAGVHSGDATLMLPTQTISQGAIEKVKDATRKIAKAFAISGPFNVQFLVKGNDVLVIECNLRASRSFPFVSKTLGVDFIDVATKVMIGENVDEKHLPTLDHPIIPADYVAIKAPMFSWPRLRDADPILRCEMASTGEVACFGEGIHTAFLKAMLSTGFKIPQKGILIGIQQSFRPRFLGVAEQLHNEGFKLFATEATSDWLNANNVPATPVAWPSQEGQNPSLSSIRKLIRDGSIDLVINLPNNNTKFVHDNYVIRRTAVDSGIPLLTNFQVTKLFAEAVQKSRKVDSKSLFHYRQYSAGKAA,0
MLMPKKNRIAIYELLFKEGVMVAKKDVHMPKHPELADKNVPNLHVMKAMQSLKSRGYVKEQFAWRHFYWYLTNEGIQYLRDYLHLPPEIVPATLRRSRPETGRPRPKGLEGERPARLTRGEADRDTYRRSAVPPGADKKAEAGAGSATEFQFRGGFGRGRGQPPQ,0
QDKCKKVYENYPVSKCQLRIANQCNYDCKLDKHARSGECFYDEKRNLQCICDYCEY,0
MKMVVLKPKINSKFHFGEGSLERNSKIFHSNSLFSAIVNNYIKLYGREDLEKNIEKIKNIRLSSLLYKIKNIYLIPKPEHPEFYKLKGNPGIKPKDIKKIQFFSIKAYKELLDNELDWKNKIKHIVDYQTINKSIVISEKEIEEIKRIFGIKAEKLKHAKISLISKHLEQKVAIDRLKDITLEKDDKGQLYNIEFIKLNENVEFYFLIDYNNEDKEFIKKLEASIKLIEDEGLGGKRSIGAGFFEKVEIVDLPEDFNEILDENSKYNNLEYKMLLGVGIPNKDDIKNIEYYKLIEIGGYIYSLECLTKPKRNILALTEGSIVKNDFIGDVKDISPQNDDDEQNKNNENNNKLNHKVYTHGKPILLPFNPKRDNYGS,0
GSQEGKKGKTTIKTGASVLNKWQMNPYDRGSAFAIGSDGLCCQSREVKEWHGCRATKGLMKGKHYYEVSCHDQGLCRVGWSTMQASLDLGTDKFGFGFGGTGKKSHNKQFDNYGEEFTMHDTIGCYLDIDKGHVKFSKNGKDLGLAFEIPPHMKNQALFPACVLKNAELKFNFGEEEFKFPPKDGFVALSKAPDGYIVKSQHSGNAQVTQTKFLEHHHHHH,0
GPGGTAINEPLTAAPIPVLRAVDTTSPNIVADTSTDREQRTFATQGGSVKPFTITKPSPYIPGLMLTNQEILYQAPDGKYYDFGTYNTLIMPSSSTSARVLPNSHPMQPLDSGGKMIACCTNQTSTGMNALRLKSMQFGAWMSPSKTVSLFAGGTPAPTDTLQGVDTAGRPTGKATYEVIGLRVKNDRAVTSSYETRYSPYNTGQVVTGSFLTVNFNTGKLGGTIVGNSEFGDSIEMRDVNVNGNQFSGTASSGGHTGQVSGGLFAKEERFYSGTLEHPSGGEIGGTVNFGSNSPLNASFGGTRREYNAADTSTDTSHLVSP,0
MLDRIASIKKAPDEEYYVPGHRTCAGCGPALTYRLVAKAAGPNTIFIGPTGCMYVANTSYGCGPWRVPWIHAQITNGGAVASGIEAAYKAMIRKKKTDAEFPNIIVMAGDGGAVDIGLQALSAMLYRGHDVLFICYDNESYANTGIQTSPTTPYGANTTFTPPGEVVPEGKKLFPKDNPKVIAHGHPELKYVATASIGWPVDLMNKVRKGLNQEGPAYIHIHAPCPKGWQFPADKTIEMAKLAVQTGMFQLYEYENGEYKLSVKVDKRKPVSEYMKLQKRFAHLKPEHIAKMQAFVDARCAEVGITVPVVASNA,0
AQATYTVAPGDTLYSIARRYGTTVEELMRLNGLESFLLQPGQVLKLPSRERTHVVAPGDTLFSLARRYGTTVEALMRLNGLSSPEIKVGQVLRLPEEGEAPPPPPPEPEALDPESPLLRAVLRYLGVPYKYGANSPLALDCSAFVAQVYAELGVALPRTTKEQYQAFPPVEAPRPGDLVFFSFGGKEVDHVGIYLGRGVFAHASSYGSRVVIESLEAPFYRKVYRGARRVMASPEPPPAPSATP,0
MLERVFIDVDGVKVSLLKGRERKVFYIHSSGSDATQWVNQLTAIGGYAIDLPNHGQSDTVEVNSVDEYAYYASESLKKTVGKAVVVGHSLGGAVAQKLYLRNPEICLALVLVGTGARLRVLPEILEGLKKEPEKAVDLMLSMAFASKGEEYEKKRREFLDRVDVLHLDLSLCDRFDLLEDYRNGKLKIGVPTLVIVGEEDKLTPLKYHEFFHKHIPNSELVVIPGASHMVMLEKHVEFNEALEKFLKKVGVAEVHHHHHH,0
GYQIGEAAQMVTNTKGIQDLSDRYESLNNLLNRYSTLNTLIKLSADPSAINAVRENLGASAKNLIGDKANSPAYQAVLLAINAAVGFWNVVGYVTQCGGNANGQKSISSKTIFNNEPGYRSTSITCSLNGHSPGYYGPMSIENFKKLNEAYQILQTALKRGLPALKENNGKVNVTYTYTCSGDGNNNCSSQVTGVNNQKDGTKTKIQTIDGKSVTTTISSKVVDSRADGNTTGVSYTEITNKLEGVPDSAQALLAQASTLINTINNACPYFHASNSSEANAPKFSTTTGKICGAFSEEISAIQKMITDAQELVNQTSVINEHEQTTPVGNNNGKPFNPFTDASFAQGMLANASAQAKMLNLAEQVGQAINPERLSGTFQNFVKGFLATCNNPSTAGTGGTQGSAPGTVTTQTFASGCAYVGQTITNLKNSIAHFGTQEQQIQQAENIADTLVNFKSRYSELGNTYNSITTALSNIPNAQSLQNAVSKKNNPYSPQGIDTNYYLNQNSYNQIQTINQELKKKKKKGSEQKLISEEDLSHHHHHH,0
SNAMNAIIIDDHPLAIAAIRNLLIKNDIEILAELTEGGSAVQRVETLKPDIVIIDVDIPGVNGIQVLETLRKRQYSGIIIIVSAKNDHFYGKHCADAGANGFVSKKEGMNNIIAAIEAAKNGYCYFPFSLNRFVGSLTSDQQKLDSLSKQEISVMRYILDGKDNNDIAEKMFISNKTVSTYKSRLMEKLECKSLMDLYTFAQRNKIG,0
SNAMNEPIILRYFPVLGRAQALRHALADAELAFRDLRIPLEQWSQHKDSDAGGPYGSLPTLRWHGVEVAETIAIASFLARSLGHYEGRDNGEIARLEAVVSLCYTEVSLQIAQLLWLDLFNPGVDLAAAVPLQFGRLVARLTRLEAHTPEAGWFGGERPVMADYFAAEAIEALRYLLGREHDDALRTRLPHLCALARRMAQRPALAQAWSTRPQTFTAHPDEAAMLERLRALPLAATIGASME,0
MLYVEILGNLPEMARDEVKAMLELGGGEIIGQDYLFLKVDAGEKAFPFLDRLGLAHEYGLLLVEADSVEELLQKAGEVEWPIKGAFKVDTETMANCRHDVLDLPRKLGAVIHAQGFRVNLSKPDTVVRVYCGERLYAGIRLRYFDPKDFEKRKAHHRPFFRPISLHPRVSRALVNLTKATREILDPFMGAGGILIEAGLLGLRVYGVDIRPEMVEGAETNLKHYGVRDYTLKLGDATRLEDLFPDKKFEAVATDPPYGTAATLAGRKRDELYRKALRSIYNVLEDGGRLAIAFPTDFNGKAEAEAVGFRTLGRYYQRVHKSLERYFYVFEKLEVLFQGPSHHHHHH,0
MSSTTLHNAMQYTAFDVLSSILNLMKADPLYDLLQLNQAYSSQDQEYEKNEFYGDSYLEERASSLVLKFLRKYEQIPFEMYSGLRIHTVKNQTLGEIFDLLHLGDTKTFEKKKKGDLVESLIGGCVLLSQRENATLFLLFAHALIDYIFYHSSYIYFNANPPKLVKEEIITDIQNWFKDKLFYYRSSLEKYQTDP,0
